target_episode,target_dataset_index,target_frame_index,target_time_s,target_tactile_score,target_gripper,replacement_episode,replacement_dataset_index,replacement_frame_index,replacement_time_s,replacement_tactile_score,replacement_gripper,abs_gripper_diff,other5_normalized_distance,shoulder_pan_diff,shoulder_lift_diff,elbow_flex_diff,wrist_flex_diff,wrist_roll_diff
0,653,653,21.766666412353516,13239.001953125,13.561553955078125,0,657,657,21.899999618530273,11156.041015625,13.561553955078125,0.0,0.13042312860488892,-1.0297904014587402,-3.122364044189453,3.211418390274048,-0.16542434692382812,0.0
1,1444,570,19.0,25704.96875,11.520737648010254,8,6467,423,14.100000381469727,11797.2080078125,13.429887771606445,1.9091501235961914,3.37453031539917,-8.826774597167969,-39.40928268432617,70.9188232421875,-54.425140380859375,-3.177910804748535
2,2280,535,17.83333396911621,17696.373046875,16.392362594604492,2,2291,546,18.200000762939453,11964.0546875,16.392362594604492,0.0,0.5451995730400085,-4.33983039855957,-16.87763786315918,10.347904205322266,1.48883056640625,0.2604846954345703
3,2844,327,10.899999618530273,27397.484375,10.204081535339355,5,3874,72,2.4000000953674316,11729.0400390625,8.68992805480957,1.5141534805297852,4.24622917175293,-12.210371017456055,-136.37130737304688,121.4986572265625,-7.361457824707031,3.9072673320770264
4,3576,441,14.699999809265137,18879.359375,11.84990119934082,5,4283,481,16.03333282470703,9475.0791015625,13.298222541809082,1.4483213424682617,0.34677597880363464,2.1331372261047363,3.7974700927734375,-0.4460296630859375,6.120761871337891,0.15629053115844727
5,4231,429,14.300000190734863,14403.9853515625,13.298222541809082,34,24541,381,12.699999809265137,11926.005859375,15.20737361907959,1.9091510772705078,0.7856834530830383,-2.6480331420898438,8.438817977905273,-15.700268745422363,12.737800598144531,1.1461315155029297
6,5040,550,18.33333396911621,22440.45703125,10.138248443603516,27,19105,48,1.600000023841858,10782.0439453125,11.91573429107666,1.7774858474731445,1.117582082748413,-1.2504597902297974,-0.6751022338867188,0.4460296630859375,22.99420928955078,-1.2503256797790527
7,5814,608,20.266666412353516,45752.05859375,7.24160623550415,14,10198,0,0.0,10168.4150390625,8.887426376342773,1.645820140838623,0.9182969331741333,-0.7355644702911377,-0.67510986328125,-1.0704727172851562,18.858558654785156,1.7712947130203247
8,6477,433,14.433333396911621,17601.693359375,11.520737648010254,8,6467,423,14.100000381469727,11797.2080078125,13.429887771606445,1.9091501235961914,0.009957501664757729,-0.07355642318725586,0.08438818156719208,0.2676200866699219,0.08271408081054688,0.0
9,7172,430,14.333333015441895,48596.1328125,7.373271942138672,36,25574,74,2.4666666984558105,11999.0380859375,7.30743932723999,0.06583261489868164,3.3364171981811523,-2.5744760036468506,-106.16033935546875,64.76361083984375,37.799835205078125,15.993748664855957
10,7893,453,15.100000381469727,40327.81640625,9.677419662475586,37,26270,73,2.433333396911621,8458.451171875,11.059907913208008,1.3824882507324219,2.7222330570220947,-0.588451623916626,-22.86920166015625,0.089202880859375,55.417701721191406,-3.6988797187805176
11,8592,484,16.133333206176758,38509.3125,13.693219184875488,5,4251,449,14.966666221618652,10607.609375,13.298222541809082,0.39499664306640625,1.5326135158538818,13.093049049377441,-23.37552833557129,29.17038345336914,-9.511993408203125,-11.357124328613281
12,9205,355,11.833333015441895,61203.80859375,7.768268585205078,44,31539,609,20.299999237060547,10274.224609375,8.755760192871094,0.9874916076660156,3.852936029434204,-1.176903247833252,-130.46414184570312,100.7136459350586,25.310176849365234,5.261786937713623
13,10005,480,16.0,40389.046875,6.122448921203613,35,25457,630,21.0,12101.359375,8.031599998474121,1.9091510772705078,3.4149725437164307,2.5009193420410156,-96.11814880371094,52.36396026611328,32.25806427001953,38.395416259765625
14,10481,283,9.433333396911621,57429.5859375,8.229098320007324,36,25574,74,2.4666666984558105,11999.0380859375,7.30743932723999,0.921658992767334,3.7489635944366455,-6.03162956237793,-125.90717315673828,93.3095474243164,25.31017303466797,13.597290992736816
15,10814,84,2.799999952316284,32414.81640625,13.693219184875488,4,3744,609,20.299999237060547,11741.453125,15.20737361907959,1.5141544342041016,0.012957478873431683,-0.07355642318725586,0.337554931640625,0.26761627197265625,-0.08271026611328125,-0.10419368743896484
16,11751,379,12.633333206176758,24751.72265625,11.257406234741211,33,23923,354,11.800000190734863,11133.9248046875,12.837392807006836,1.579986572265625,1.9025280475616455,8.753218650817871,-23.71308135986328,21.67707061767578,17.038875579833984,-27.350872039794922
17,12472,442,14.733333587646484,46322.1875,11.389071464538574,5,4249,447,14.899999618530273,11316.7880859375,13.298222541809082,1.9091510772705078,2.2019238471984863,-7.355646133422852,-49.78902816772461,59.857269287109375,-15.38461685180664,-15.42068099975586
18,13207,429,14.300000190734863,39577.5078125,13.364055633544922,36,25900,400,13.333333015441895,11840.1318359375,14.61487865447998,1.2508230209350586,0.7557300925254822,-2.4273643493652344,9.113924026489258,-17.127565383911133,11.083541870117188,2.7611351013183594
19,13848,397,13.233333587646484,32681.53125,12.047399520874023,0,629,629,20.96666717529297,11995.3076171875,13.890717506408691,1.843317985534668,1.679145336151123,-11.254137992858887,-14.683542251586914,20.6958065032959,14.1439208984375,21.67230987548828
20,14475,346,11.533333778381348,59718.2734375,7.83410120010376,47,33097,61,2.0333333015441895,12066.72265625,5.990783214569092,1.843317985534668,3.2892026901245117,-12.798822402954102,-88.01687622070312,57.18108367919922,44.416873931884766,-6.303725242614746
21,15162,403,13.433333396911621,39197.80859375,13.034891128540039,0,629,629,20.96666717529297,11995.3076171875,13.890717506408691,0.8558263778686523,1.9249261617660522,-21.772708892822266,9.029537200927734,-16.681533813476562,12.076095581054688,11.148736953735352
22,15870,403,13.433333396911621,61767.2578125,7.175773620605469,4,3787,652,21.733333587646484,11748.119140625,8.031599998474121,0.8558263778686523,4.753338813781738,-11.107025146484375,-53.755271911621094,1.6057052612304688,92.30769348144531,-18.12972068786621
23,16661,505,16.83333396911621,44633.0,11.389071464538574,5,4249,447,14.899999618530273,11316.7880859375,13.298222541809082,1.9091510772705078,1.55338454246521,9.930121421813965,-42.278480529785156,40.41034698486328,-0.08271217346191406,-4.376138687133789
24,17376,473,15.766666412353516,45012.5078125,10.599078178405762,47,33100,64,2.133333444595337,11452.287109375,9.677419662475586,0.9216585159301758,4.4704437255859375,-19.933799743652344,-120.42193603515625,85.6378173828125,42.34904861450195,-33.91508102416992
25,18094,445,14.833333015441895,62900.328125,6.7807769775390625,47,33097,61,2.0333333015441895,12066.72265625,5.990783214569092,0.7899937629699707,4.542653560638428,-1.986024260520935,-29.70464324951172,0.26761627197265625,90.81886291503906,-19.640531539916992
26,18823,579,19.299999237060547,85134.7578125,5.990783214569092,47,33097,61,2.0333333015441895,12066.72265625,5.990783214569092,0.0,5.514653205871582,-14.122838973999023,-75.69619750976562,14.897407531738281,106.368896484375,-13.493098258972168
27,19602,545,18.16666603088379,39179.5703125,9.874917984008789,36,25580,80,2.6666667461395264,11955.5986328125,8.031599998474121,1.843317985534668,3.027996301651001,-1.9124678373336792,-14.5147705078125,-0.17841339111328125,62.282875061035156,-1.3024225234985352
28,20302,509,16.96666717529297,42540.1953125,10.730744361877441,5,3875,73,2.433333396911621,11715.595703125,10.204081535339355,0.5266628265380859,3.59861421585083,-14.417064666748047,-70.04219055175781,26.85102081298828,61.62117385864258,-13.85777473449707
29,21114,464,15.466666221618652,21110.923828125,14.088215827941895,6,4939,449,14.966666221618652,11960.6376953125,14.022382736206055,0.06583309173583984,2.080116033554077,14.490622520446777,-3.2067511081695557,10.526313781738281,20.347394943237305,27.87183952331543
30,21909,471,15.699999809265137,29821.921875,10.072416305541992,5,3874,72,2.4000000953674316,11729.0400390625,8.68992805480957,1.3824882507324219,3.4668831825256348,-15.667524337768555,-100.92826843261719,66.28010559082031,34.57402801513672,19.11956214904785
31,22800,656,21.866666793823242,29679.2265625,9.940750122070312,37,26268,71,2.366666555404663,8517.9970703125,10.401579856872559,0.4608297348022461,0.02939567342400551,-0.07355654239654541,0.0,0.5352325439453125,-0.1654205322265625,-0.4688720703125
32,23320,469,15.633333206176758,31017.833984375,10.664911270141602,5,3874,72,2.4000000953674316,11729.0400390625,8.68992805480957,1.9749832153320312,3.460186719894409,-9.19455623626709,-68.01687622070312,28.545936584472656,61.12489700317383,-13.024225234985352
33,23962,393,13.100000381469727,21970.9375,5.990783214569092,44,31540,610,20.33333396911621,10294.6416015625,7.373271942138672,1.38248872756958,1.850684404373169,-11.695475578308105,-40.0,25.780548095703125,25.723739624023438,-2.188070058822632
34,24627,467,15.566666603088379,31545.6328125,10.730744361877441,4,3747,612,20.399999618530273,11695.5126953125,12.047399520874023,1.316655158996582,5.006476879119873,-3.530709981918335,-39.57805633544922,1.0704727172851562,100.57899475097656,-17.087783813476562
35,25214,387,12.899999618530273,51328.27734375,7.4391045570373535,5,3873,71,2.366666555404663,11747.0810546875,8.031599998474121,0.5924954414367676,3.98228120803833,-4.413387298583984,-133.83966064453125,108.7421875,20.01654052734375,5.105496406555176
36,25971,471,15.699999809265137,23285.650390625,11.520737648010254,5,4276,474,15.800000190734863,9082.1044921875,13.298222541809082,1.7774848937988281,2.2464170455932617,4.3398308753967285,-11.729961395263672,3.479034423828125,45.57485580444336,-2.8653295040130615
37,26637,440,14.666666984558105,25693.41796875,13.034891128540039,5,4249,447,14.899999618530273,11316.7880859375,13.298222541809082,0.26333141326904297,0.8632588386535645,-2.5009193420410156,-15.021097183227539,23.72881317138672,-10.173698425292969,0.7293567657470703
38,27161,305,10.166666984558105,50863.8671875,6.714943885803223,47,33097,61,2.0333333015441895,12066.72265625,5.990783214569092,0.7241606712341309,3.9621360301971436,-2.721588611602783,-85.40084075927734,42.90811538696289,69.5616226196289,-11.617609024047852
39,27679,360,12.0,41621.2734375,9.414088249206543,47,33099,63,2.0999999046325684,11456.75390625,7.7024359703063965,1.7116522789001465,5.0499138832092285,-0.5148952007293701,-63.54430389404297,20.51739501953125,92.14226531982422,-38.395416259765625
40,28355,449,14.966666221618652,44589.6875,5.5957865715026855,47,33097,61,2.0333333015441895,12066.72265625,5.990783214569092,0.39499664306640625,5.351606845855713,-25.156307220458984,-148.8607635498047,146.11953735351562,1.9851150512695312,-28.340713500976562
41,29141,564,18.799999237060547,37724.5703125,8.229098320007324,47,33098,62,2.066666603088379,11650.23828125,6.451612949371338,1.7774853706359863,4.606880187988281,-26.333209991455078,-104.89451599121094,56.556640625,49.462364196777344,-44.021881103515625
42,29948,518,17.266666412353516,27204.18359375,10.664911270141602,47,33100,64,2.133333444595337,11452.287109375,9.677419662475586,0.9874916076660156,2.6826725006103516,-3.3100404739379883,-10.126579284667969,10.704727172851562,34.325889587402344,-40.37509536743164
43,30583,350,11.666666984558105,44446.5625,5.92495059967041,44,31540,610,20.33333396911621,10294.6416015625,7.373271942138672,1.4483213424682617,4.596113681793213,-16.18242073059082,-140.59071350097656,129.17037963867188,4.631927490234375,17.504558563232422
44,31334,404,13.466666221618652,30691.76171875,10.928242683410645,33,23923,354,11.800000190734863,11133.9248046875,12.837392807006836,1.9091501235961914,2.6078059673309326,-0.3677816390991211,-54.34599304199219,78.23371887207031,-11.99338150024414,-21.62021255493164
45,32021,426,14.199999809265137,44002.45703125,7.8999342918396,47,33097,61,2.0333333015441895,12066.72265625,5.990783214569092,1.9091510772705078,3.4551360607147217,-4.192718029022217,-57.97468185424805,23.28277587890625,65.09512329101562,-10.679864883422852
46,32800,509,16.96666717529297,42871.77734375,5.727452278137207,47,33097,61,2.0333333015441895,12066.72265625,5.990783214569092,0.26333093643188477,4.981607913970947,-21.40492820739746,-147.6793212890625,141.30239868164062,9.26385498046875,8.543891906738281
47,33489,453,15.100000381469727,29592.9921875,9.21658992767334,5,3873,71,2.366666555404663,11747.0810546875,8.031599998474121,1.1849899291992188,3.8681704998016357,-19.19823455810547,-119.4092788696289,96.43175506591797,21.836227416992188,-0.15629076957702637
48,34347,563,18.766666412353516,36755.515625,10.467412948608398,47,33100,64,2.133333444595337,11452.287109375,9.677419662475586,0.7899932861328125,2.3376083374023438,-3.530709743499756,-0.337554931640625,0.4460296630859375,38.54425048828125,-27.09038734436035
49,35131,543,18.100000381469727,47330.23046875,6.056616306304932,5,3873,71,2.366666555404663,11747.0810546875,8.031599998474121,1.9749836921691895,3.672128200531006,-10.077234268188477,-112.8270034790039,71.45405578613281,41.85276794433594,14.326648712158203
