target_episode,target_dataset_index,replacement_episode,replacement_dataset_index,target_tactile_score,replacement_tactile_score,tactile_ratio,target_gripper_state,replacement_source_gripper_state,matched_gripper_difference,other5_normalized_distance,normal_shoulder_pan,low_tactile_shoulder_pan,signed_delta_shoulder_pan,abs_delta_shoulder_pan,normal_shoulder_lift,low_tactile_shoulder_lift,signed_delta_shoulder_lift,abs_delta_shoulder_lift,normal_elbow_flex,low_tactile_elbow_flex,signed_delta_elbow_flex,abs_delta_elbow_flex,normal_wrist_flex,low_tactile_wrist_flex,signed_delta_wrist_flex,abs_delta_wrist_flex,normal_wrist_roll,low_tactile_wrist_roll,signed_delta_wrist_roll,abs_delta_wrist_roll,normal_gripper,low_tactile_gripper,signed_delta_gripper,abs_delta_gripper
0,653,0,657,13239.001953125,11156.041015625,1.1867114807647832,13.561553955078125,13.561553955078125,0.0,0.1304231286048889,0.25860166549682617,0.257565975189209,0.0010356903076171875,0.0010356903076171875,-77.17860412597656,-79.48198699951172,2.3033828735351562,2.3033828735351562,92.83887481689453,94.55365753173828,-1.71478271484375,1.71478271484375,62.235286712646484,62.41195297241211,-0.176666259765625,0.176666259765625,0.7511329650878906,0.814610481262207,-0.0634775161743164,0.0634775161743164,17.192264556884766,17.708568572998047,-0.5163040161132812,0.5163040161132812
1,1444,8,6467,25704.96875,11797.2080078125,2.17890273130535,11.520737648010254,13.429887771606445,1.9091501235961916,3.37453031539917,0.10160064697265625,0.2750391960144043,-0.17343854904174805,0.17343854904174805,-77.06710815429688,-83.24053955078125,6.173431396484375,6.173431396484375,94.05500793457031,97.78323364257812,-3.7282257080078125,3.7282257080078125,63.860740661621094,63.81535339355469,0.04538726806640625,0.04538726806640625,-2.4665122032165527,-1.957254409790039,-0.5092577934265137,0.5092577934265137,15.226360321044922,16.555574417114258,-1.329214096069336,1.329214096069336
2,2280,2,2291,17696.373046875,11964.0546875,1.4791283982815713,16.392362594604492,16.392362594604492,0.0,0.5451995730400085,-0.06303548812866211,0.2691946029663086,-0.3322300910949707,0.3322300910949707,-76.02305603027344,-80.5147705078125,4.4917144775390625,4.4917144775390625,95.17985534667969,98.04129028320312,-2.8614349365234375,2.8614349365234375,60.86186218261719,60.369651794433594,0.49221038818359375,0.49221038818359375,-1.7639951705932617,-1.2622346878051758,-0.5017604827880859,0.5017604827880859,21.52274513244629,20.541582107543945,0.9811630249023438,0.9811630249023438
3,2844,5,3874,27397.484375,11729.0400390625,2.335867580275553,10.204081535339355,8.68992805480957,1.5141534805297852,4.24622917175293,1.8238773345947266,1.3855066299438477,0.4383707046508789,0.4383707046508789,-71.63849639892578,-81.35073852539062,9.712242126464844,9.712242126464844,90.98743438720703,97.56007385253906,-6.572639465332031,6.572639465332031,60.44862747192383,60.42121124267578,0.027416229248046875,0.027416229248046875,0.09433269500732422,-0.2840275764465332,0.3783602714538574,0.3783602714538574,16.867849349975586,18.07474136352539,-1.2068920135498047,1.2068920135498047
4,3576,5,4283,18879.359375,9475.0791015625,1.992527890546758,11.84990119934082,13.298222541809082,1.4483213424682615,0.3467759788036346,0.2206883430480957,0.1733379364013672,0.047350406646728516,0.047350406646728516,-84.47996520996094,-84.54509735107422,0.06513214111328125,0.06513214111328125,98.55610656738281,98.56893920898438,-0.0128326416015625,0.0128326416015625,58.98550033569336,59.26068878173828,-0.2751884460449219,0.2751884460449219,-1.422656536102295,-1.378570556640625,-0.04408597946166992,0.04408597946166992,15.25103759765625,16.329099655151367,-1.0780620574951172,1.0780620574951172
5,4231,34,24541,14403.9853515625,11926.005859375,1.2077794964556023,13.298222541809082,15.20737361907959,1.909151077270508,0.7856834530830383,1.1060032844543457,1.5089645385742188,-0.40296125411987305,0.40296125411987305,-81.50624084472656,-78.04859924316406,-3.4576416015625,3.4576416015625,97.94237518310547,96.49058532714844,1.4517898559570312,1.4517898559570312,59.02890396118164,58.2115478515625,0.8173561096191406,0.8173561096191406,1.4431915283203125,2.380923271179199,-0.9377317428588867,0.9377317428588867,24.73261260986328,25.957813262939453,-1.2252006530761719,1.2252006530761719
6,5040,27,19105,22440.45703125,10782.0439453125,2.0812804274467833,10.138248443603516,11.91573429107666,1.7774858474731443,1.117582082748413,0.2822732925415039,0.5459566116333008,-0.2636833190917969,0.2636833190917969,-85.63457489013672,-85.1088638305664,-0.5257110595703125,0.5257110595703125,97.95574951171875,97.9028549194336,0.05289459228515625,0.05289459228515625,59.270023345947266,59.29755783081055,-0.02753448486328125,0.02753448486328125,-1.5564208030700684,-1.0868959426879883,-0.4695248603820801,0.4695248603820801,18.231609344482422,21.222835540771484,-2.9912261962890625,2.9912261962890625
7,5814,14,10198,45752.05859375,10168.4150390625,4.499428713126979,7.24160623550415,8.887426376342773,1.645820140838623,0.9182969331741332,1.1808829307556152,1.3415522575378418,-0.16066932678222656,0.16066932678222656,-81.98927307128906,-84.40836334228516,2.4190902709960938,2.4190902709960938,96.86375427246094,98.11282348632812,-1.2490692138671875,1.2490692138671875,57.90962219238281,58.74739074707031,-0.8377685546875,0.8377685546875,-1.0817108154296875,-0.5580883026123047,-0.5236225128173828,0.5236225128173828,16.320955276489258,19.32745933532715,-3.0065040588378906,3.0065040588378906
8,6477,8,6467,17601.693359375,11797.2080078125,1.492021955340499,11.520737648010254,13.429887771606445,1.9091501235961916,0.0099575016647577,0.9502553939819336,1.1070685386657715,-0.1568131446838379,0.1568131446838379,-81.41374969482422,-83.17179870605469,1.7580490112304688,1.7580490112304688,96.29024505615234,97.3145751953125,-1.0243301391601562,1.0243301391601562,58.84480285644531,59.493621826171875,-0.6488189697265625,0.6488189697265625,1.2911486625671387,1.4092462062835693,-0.11809754371643066,0.11809754371643066,11.891735076904297,13.166950225830078,-1.2752151489257812,1.2752151489257812
9,7172,36,25574,48596.1328125,11999.0380859375,4.050002380561918,7.373271942138672,7.30743932723999,0.0658326148986816,3.3364171981811523,-0.3439507484436035,0.18507719039916992,-0.5290279388427734,0.5290279388427734,-73.30481719970703,-79.3639144897461,6.0590972900390625,6.0590972900390625,92.27352905273438,95.60584259033203,-3.3323135375976562,3.3323135375976562,58.18741226196289,59.13373565673828,-0.9463233947753906,0.9463233947753906,-2.930410385131836,-1.293248176574707,-1.637162208557129,1.637162208557129,15.894832611083984,17.340118408203125,-1.4452857971191406,1.4452857971191406
10,7893,37,26270,40327.81640625,8458.451171875,4.767754236182516,9.677419662475586,11.059907913208008,1.382488250732422,2.7222330570220947,1.3183503150939941,1.5459527969360352,-0.22760248184204102,0.22760248184204102,-77.42904663085938,-82.56678009033203,5.137733459472656,5.137733459472656,95.2183837890625,97.73361206054688,-2.515228271484375,2.515228271484375,53.55732345581055,55.70552062988281,-2.1481971740722656,2.1481971740722656,-2.1349873542785645,-0.635892391204834,-1.4990949630737305,1.4990949630737305,20.00711441040039,23.723773956298828,-3.7166595458984375,3.7166595458984375
11,8592,5,4251,38509.3125,10607.609375,3.6303479076783027,13.693219184875488,13.298222541809082,0.3949966430664062,1.5326135158538818,-0.8488497734069824,-0.8360896110534668,-0.012760162353515625,0.012760162353515625,-82.67425537109375,-87.86773681640625,5.1934814453125,5.1934814453125,96.80261993408203,98.52775573730469,-1.7251358032226562,1.7251358032226562,56.73877716064453,59.664955139160156,-2.926177978515625,2.926177978515625,-0.39525556564331055,0.11077404022216797,-0.5060296058654785,0.5060296058654785,15.618389129638672,14.99349594116211,0.6248931884765625,0.6248931884765625
12,9205,44,31539,61203.80859375,10274.224609375,5.957024585378725,7.768268585205078,8.755760192871094,0.9874916076660156,3.852936029434204,0.33098268508911133,0.7577314376831055,-0.42674875259399414,0.42674875259399414,-79.85952758789062,-83.22024536132812,3.3607177734375,3.3607177734375,94.19952392578125,95.84122467041016,-1.6417007446289062,1.6417007446289062,59.240474700927734,60.921226501464844,-1.6807518005371094,1.6807518005371094,-0.8027806282043457,0.24741101264953613,-1.0501916408538818,1.0501916408538818,14.026159286499023,15.803007125854492,-1.7768478393554688,1.7768478393554688
13,10005,35,25457,40389.046875,12101.359375,3.337562799633822,6.122448921203613,8.031599998474121,1.909151077270508,3.4149725437164307,-0.5586557388305664,-0.43233394622802734,-0.12632179260253906,0.12632179260253906,-78.91412353515625,-81.7546157836914,2.8404922485351562,2.8404922485351562,93.90797424316406,95.34838104248047,-1.4404067993164062,1.4404067993164062,61.45310974121094,61.71554183959961,-0.2624320983886719,0.2624320983886719,-3.672872543334961,-2.383795738220215,-1.289076805114746,1.289076805114746,8.662830352783203,9.044811248779297,-0.38198089599609375,0.38198089599609375
14,10481,36,25574,57429.5859375,11999.0380859375,4.786182486144926,8.229098320007324,7.30743932723999,0.921658992767334,3.7489635944366455,-0.13992547988891602,0.2526206970214844,-0.3925461769104004,0.3925461769104004,-77.59214782714844,-81.49060821533203,3.8984603881835938,3.8984603881835938,93.90924072265625,95.97000122070312,-2.060760498046875,2.060760498046875,60.763633728027344,61.88300323486328,-1.1193695068359375,1.1193695068359375,-3.029022693634033,-1.7682476043701172,-1.260775089263916,1.260775089263916,12.014654159545898,12.982505798339844,-0.9678516387939453,0.9678516387939453
15,10814,4,3744,32414.81640625,11741.453125,2.760715906384032,13.693219184875488,15.20737361907959,1.5141544342041016,0.0129574788734316,0.1384892463684082,-0.0003933906555175781,0.13888263702392578,0.13888263702392578,-81.2042007446289,-82.96022033691406,1.7560195922851562,1.7560195922851562,96.58554077148438,97.24834442138672,-0.6628036499023438,0.6628036499023438,60.02232360839844,61.03500747680664,-1.0126838684082031,1.0126838684082031,0.2596900463104248,0.02714252471923828,0.23254752159118652,0.23254752159118652,20.30349349975586,20.863569259643555,-0.5600757598876953,0.5600757598876953
16,11751,33,23923,24751.72265625,11133.9248046875,2.223090517535134,11.257406234741211,12.837392807006836,1.579986572265625,1.9025280475616453,0.49434709548950195,0.9647574424743652,-0.4704103469848633,0.4704103469848633,-80.163330078125,-85.26202392578125,5.09869384765625,5.09869384765625,95.53838348388672,98.07803344726562,-2.5396499633789062,2.5396499633789062,58.5418586730957,59.27635192871094,-0.7344932556152344,0.7344932556152344,1.2676208019256592,2.6475110054016113,-1.3798902034759521,1.3798902034759521,22.86653709411621,23.92923927307129,-1.0627021789550781,1.0627021789550781
17,12472,5,4249,46322.1875,11316.7880859375,4.093227437700367,11.389071464538574,13.298222541809082,1.909151077270508,2.2019238471984863,2.7729697227478027,2.233377456665039,0.5395922660827637,0.5395922660827637,-71.52391052246094,-79.07799530029297,7.554084777832031,7.554084777832031,93.3864974975586,97.63294219970703,-4.2464447021484375,4.2464447021484375,55.982791900634766,56.82796859741211,-0.8451766967773438,0.8451766967773438,4.4611005783081055,3.5942249298095703,0.8668756484985352,0.8668756484985352,20.288976669311523,21.036785125732422,-0.7478084564208984,0.7478084564208984
18,13207,36,25900,39577.5078125,11840.1318359375,3.3426576967980406,13.364055633544922,14.61487865447998,1.2508230209350586,0.7557300925254822,2.1634817123413086,1.8932452201843262,0.2702364921569824,0.2702364921569824,-74.85641479492188,-79.31246948242188,4.4560546875,4.4560546875,95.64727783203125,97.78984069824219,-2.1425628662109375,2.1425628662109375,56.58616256713867,57.42900085449219,-0.8428382873535156,0.8428382873535156,3.904566526412964,3.3690950870513916,0.5354714393615723,0.5354714393615723,24.570079803466797,24.31987953186035,0.2502002716064453,0.2502002716064453
19,13848,0,629,32681.53125,11995.3076171875,2.7245263142040814,12.047399520874023,13.890717506408691,1.843317985534668,1.679145336151123,3.26192569732666,2.9119958877563477,0.3499298095703125,0.3499298095703125,-64.93473052978516,-67.75704193115234,2.8223114013671875,2.8223114013671875,88.33318328857422,89.76625061035156,-1.4330673217773438,1.4330673217773438,52.60112380981445,54.13522720336914,-1.5341033935546875,1.5341033935546875,2.213712692260742,1.9902667999267578,0.22344589233398438,0.22344589233398438,15.178756713867188,15.34832763671875,-0.1695709228515625,0.1695709228515625
20,14475,47,33097,59718.2734375,12066.72265625,4.9490052219414125,7.83410120010376,5.990783214569092,1.843317985534668,3.289202690124512,1.3991022109985352,1.6434359550476074,-0.24433374404907227,0.24433374404907227,-75.55365753173828,-81.34153747558594,5.787879943847656,5.787879943847656,94.01005554199219,97.34494018554688,-3.3348846435546875,3.3348846435546875,58.842315673828125,59.68505096435547,-0.8427352905273438,0.8427352905273438,-1.4810190200805664,-0.3414440155029297,-1.1395750045776367,1.1395750045776367,19.224124908447266,23.017248153686523,-3.793123245239258,3.793123245239258
21,15162,0,629,39197.80859375,11995.3076171875,3.267761848606979,13.034891128540039,13.890717506408691,0.8558263778686523,1.924926161766052,0.9369473457336426,0.7398486137390137,0.1970987319946289,0.1970987319946289,-75.20316314697266,-76.83699035644531,1.6338272094726562,1.6338272094726562,91.90621948242188,92.91728973388672,-1.0110702514648438,1.0110702514648438,60.09809875488281,60.22191619873047,-0.12381744384765625,0.12381744384765625,0.3329310417175293,0.21460866928100586,0.11832237243652344,0.11832237243652344,18.788814544677734,20.61077117919922,-1.8219566345214844,1.8219566345214844
22,15870,4,3787,61767.2578125,11748.119140625,5.257629504190914,7.175773620605469,8.031599998474121,0.8558263778686523,4.753338813781738,0.2810091972351074,-0.24055910110473633,0.5215682983398438,0.5215682983398438,-81.41954803466797,-85.15393829345703,3.7343902587890625,3.7343902587890625,98.90560150146484,99.63175201416016,-0.7261505126953125,0.7261505126953125,54.634544372558594,57.56077194213867,-2.926227569580078,2.926227569580078,-0.6032538414001465,-0.7053861618041992,0.10213232040405273,0.10213232040405273,11.438446044921875,15.092653274536133,-3.654207229614258,3.654207229614258
23,16661,5,4249,44633.0,11316.7880859375,3.9439635752711486,11.389071464538574,13.298222541809082,1.909151077270508,1.55338454246521,-0.3563094139099121,-0.5859956741333008,0.22968626022338867,0.22968626022338867,-82.57485961914062,-82.4593276977539,-0.11553192138671875,0.11553192138671875,97.74000549316406,97.61238098144531,0.12762451171875,0.12762451171875,59.55266189575195,59.894989013671875,-0.3423271179199219,0.3423271179199219,-0.5554733276367188,-0.8189773559570312,0.2635040283203125,0.2635040283203125,12.176534652709961,13.021146774291992,-0.8446121215820312,0.8446121215820312
24,17376,47,33100,45012.5078125,11452.287109375,3.930438294343157,10.599078178405762,9.677419662475586,0.9216585159301758,4.4704437255859375,2.406820297241211,2.3524651527404785,0.05435514450073242,0.05435514450073242,-76.50501251220703,-79.70904541015625,3.2040328979492188,3.2040328979492188,96.05661010742188,97.63494873046875,-1.578338623046875,1.578338623046875,57.25045394897461,57.475406646728516,-0.22495269775390625,0.22495269775390625,2.5318427085876465,2.9802160263061523,-0.44837331771850586,0.44837331771850586,19.784469604492188,22.3378849029541,-2.553415298461914,2.553415298461914
25,18094,47,33097,62900.328125,12066.72265625,5.21271018791673,6.7807769775390625,5.990783214569092,0.7899937629699707,4.542653560638428,0.26263856887817383,0.44968175888061523,-0.1870431900024414,0.1870431900024414,-76.69215393066406,-78.55937957763672,1.8672256469726562,1.8672256469726562,96.86167907714844,97.33683776855469,-0.47515869140625,0.47515869140625,54.39249801635742,55.169498443603516,-0.7770004272460938,0.7770004272460938,0.10108613967895508,0.5550553798675537,-0.45396924018859863,0.45396924018859863,13.451786041259766,14.666242599487305,-1.214456558227539,1.214456558227539
26,18823,47,33097,85134.7578125,12066.72265625,7.055333932648577,5.990783214569092,5.990783214569092,0.0,5.514653205871582,-0.45647192001342773,-0.5521659851074219,0.09569406509399414,0.09569406509399414,-82.76507568359375,-85.71961212158203,2.9545364379882812,2.9545364379882812,98.48589324951172,99.3782958984375,-0.8924026489257812,0.8924026489257812,56.07675552368164,57.249786376953125,-1.1730308532714844,1.1730308532714844,-1.3886299133300781,-1.102698802947998,-0.2859311103820801,0.2859311103820801,8.789070129394531,11.156318664550781,-2.36724853515625,2.36724853515625
27,19602,36,25580,39179.5703125,11955.5986328125,3.2770897983284994,9.874917984008789,8.031599998474121,1.843317985534668,3.027996301651001,-0.16383838653564453,0.16808700561523438,-0.3319253921508789,0.3319253921508789,-80.5919189453125,-82.27391052246094,1.6819915771484375,1.6819915771484375,96.29554748535156,97.00885009765625,-0.7133026123046875,0.7133026123046875,57.37915802001953,58.30016326904297,-0.9210052490234375,0.9210052490234375,-1.0933899879455566,-0.3924069404602051,-0.7009830474853516,0.7009830474853516,16.23636245727539,18.168315887451172,-1.9319534301757812,1.9319534301757812
28,20302,5,3875,42540.1953125,11715.595703125,3.631074030759946,10.730744361877441,10.204081535339355,0.5266628265380859,3.59861421585083,1.305130958557129,0.8393054008483887,0.46582555770874023,0.46582555770874023,-75.31874084472656,-81.14937591552734,5.830635070800781,5.830635070800781,95.76692199707031,98.38457489013672,-2.6176528930664062,2.6176528930664062,55.30270004272461,57.119789123535156,-1.8170890808105469,1.8170890808105469,-0.11547994613647461,-0.040570735931396484,-0.07490921020507812,0.07490921020507812,18.182125091552734,19.14809799194336,-0.965972900390625,0.965972900390625
29,21114,6,4939,21110.923828125,11960.6376953125,1.7650333005570926,14.088215827941895,14.022382736206055,0.0658330917358398,2.080116033554077,0.7891421318054199,0.18916034698486328,0.5999817848205566,0.5999817848205566,-78.13893127441406,-82.31521606445312,4.1762847900390625,4.1762847900390625,95.13264465332031,96.84605407714844,-1.713409423828125,1.713409423828125,57.54961395263672,59.45149230957031,-1.9018783569335938,1.9018783569335938,1.2886619567871094,0.6983039379119873,0.5903580188751221,0.5903580188751221,18.21364402770996,17.61426544189453,0.5993785858154297,0.5993785858154297
30,21909,5,3874,29821.921875,11729.0400390625,2.5425714104207,10.072416305541992,8.68992805480957,1.382488250732422,3.4668831825256348,2.6100106239318848,1.8781976699829102,0.7318129539489746,0.7318129539489746,-77.92272186279297,-83.95643615722656,6.033714294433594,6.033714294433594,94.31858825683594,97.49604797363281,-3.177459716796875,3.177459716796875,56.52820587158203,58.69602966308594,-2.1678237915039062,2.1678237915039062,-0.408541202545166,-1.0502781867980957,0.6417369842529297,0.6417369842529297,12.259698867797852,13.601003646850586,-1.3413047790527344,1.3413047790527344
31,22800,37,26268,29679.2265625,8517.9970703125,3.484296404132381,9.940750122070312,10.401579856872559,0.4608297348022461,0.0293956734240055,0.33293581008911133,0.14261865615844727,0.19031715393066406,0.19031715393066406,-82.52179718017578,-83.33612060546875,0.8143234252929688,0.8143234252929688,96.89091491699219,97.30828094482422,-0.41736602783203125,0.41736602783203125,58.471343994140625,59.50148010253906,-1.0301361083984375,1.0301361083984375,-0.021491050720214844,-0.4872136116027832,0.46572256088256836,0.46572256088256836,15.685750961303711,17.587678909301758,-1.9019279479980469,1.9019279479980469
32,23320,5,3874,31017.833984375,11729.0400390625,2.644533046274284,10.664911270141602,8.68992805480957,1.9749832153320312,3.460186719894409,1.263899803161621,0.5309958457946777,0.7329039573669434,0.7329039573669434,-75.49669647216797,-81.72752380371094,6.230827331542969,6.230827331542969,95.7327880859375,98.53604888916016,-2.8032608032226562,2.8032608032226562,56.155494689941406,58.304412841796875,-2.1489181518554688,2.1489181518554688,-1.183237075805664,-2.1531896591186523,0.9699525833129883,0.9699525833129883,18.548381805419922,18.88499641418457,-0.33661460876464844,0.33661460876464844
33,23962,44,31540,21970.9375,10294.6416015625,2.1342110148511915,5.990783214569092,7.373271942138672,1.38248872756958,1.850684404373169,0.16665267944335938,0.870882511138916,-0.7042298316955566,0.7042298316955566,-81.58624267578125,-81.62274932861328,0.03650665283203125,0.03650665283203125,97.79653930664062,98.19461059570312,-0.3980712890625,0.3980712890625,56.914588928222656,56.48920822143555,0.4253807067871094,0.4253807067871094,0.6289632320404053,0.9333271980285645,-0.3043639659881592,0.3043639659881592,26.15210723876953,26.96382713317871,-0.8117198944091797,0.8117198944091797
34,24627,4,3747,31545.6328125,11695.5126953125,2.697242406922727,10.730744361877441,12.047399520874023,1.316655158996582,5.006476879119873,1.4133167266845703,1.2177939414978027,0.19552278518676758,0.19552278518676758,-75.41876983642578,-80.52816009521484,5.1093902587890625,5.1093902587890625,95.90723419189453,98.31893920898438,-2.4117050170898438,2.4117050170898438,54.346923828125,56.31010437011719,-1.9631805419921875,1.9631805419921875,0.23906683921813965,-0.1819462776184082,0.42101311683654785,0.42101311683654785,14.857234954833984,15.911989212036133,-1.0547542572021484,1.0547542572021484
35,25214,5,3873,51328.27734375,11747.0810546875,4.3694494917329445,7.4391045570373535,8.031599998474121,0.5924954414367676,3.98228120803833,1.60298490524292,1.2577109336853027,0.3452739715576172,0.3452739715576172,-74.04326629638672,-80.92146301269531,6.878196716308594,6.878196716308594,92.96633911132812,96.72235107421875,-3.756011962890625,3.756011962890625,58.698890686035156,60.145450592041016,-1.4465599060058594,1.4465599060058594,-0.7746658325195312,-0.9218840599060059,0.1472182273864746,0.1472182273864746,14.517147064208984,16.006969451904297,-1.4898223876953125,1.4898223876953125
36,25971,5,4276,23285.650390625,9082.1044921875,2.563904699693282,11.520737648010254,13.298222541809082,1.777484893798828,2.2464170455932617,1.567887306213379,1.3220858573913574,0.24580144882202148,0.24580144882202148,-79.13243103027344,-81.85198974609375,2.7195587158203125,2.7195587158203125,95.80177307128906,97.27033996582031,-1.46856689453125,1.46856689453125,55.69241714477539,56.5892219543457,-0.8968048095703125,0.8968048095703125,-0.0883479118347168,-0.80609130859375,0.7177433967590332,0.7177433967590332,11.710378646850586,11.708602905273438,0.0017757415771484375,0.0017757415771484375
37,26637,5,4249,25693.41796875,11316.7880859375,2.270380762954926,13.034891128540039,13.298222541809082,0.2633314132690429,0.8632588386535645,1.5774035453796387,0.8696498870849609,0.7077536582946777,0.7077536582946777,-75.2537612915039,-81.5574722290039,6.3037109375,6.3037109375,94.16492462158203,97.34944152832031,-3.1845169067382812,3.1845169067382812,58.24171829223633,60.20121383666992,-1.9594955444335938,1.9594955444335938,1.2343568801879883,0.033648014068603516,1.2007088661193848,1.2007088661193848,25.89466667175293,25.70628547668457,0.18838119506835938,0.18838119506835938
38,27161,47,33097,50863.8671875,12066.72265625,4.215218053524657,6.714943885803223,5.990783214569092,0.7241606712341309,3.962136030197144,1.067309856414795,0.5342192649841309,0.5330905914306641,0.5330905914306641,-80.20822143554688,-84.31234741210938,4.1041259765625,4.1041259765625,96.52124786376953,98.48706817626953,-1.9658203125,1.9658203125,59.22760772705078,60.54812240600586,-1.3205146789550781,1.3205146789550781,-0.5961790084838867,-0.29363155364990234,-0.3025474548339844,0.3025474548339844,18.81485939025879,20.98799705505371,-2.173137664794922,2.173137664794922
39,27679,47,33099,41621.2734375,11456.75390625,3.6329028080802503,9.414088249206543,7.7024359703063965,1.7116522789001465,5.0499138832092285,0.3818478584289551,0.4114570617675781,-0.029609203338623047,0.029609203338623047,-80.29497528076172,-85.41580200195312,5.120826721191406,5.120826721191406,97.60873413085938,99.61924743652344,-2.0105133056640625,2.0105133056640625,57.09082794189453,58.71132278442383,-1.6204948425292969,1.6204948425292969,-1.9921584129333496,-1.0857067108154297,-0.9064517021179199,0.9064517021179199,17.19619369506836,18.75705909729004,-1.5608654022216797,1.5608654022216797
40,28355,47,33097,44589.6875,12066.72265625,3.695260823526479,5.5957865715026855,5.990783214569092,0.3949966430664062,5.351606845855713,1.0813002586364746,2.189913749694824,-1.1086134910583496,1.1086134910583496,-70.30534362792969,-77.83767700195312,7.5323333740234375,7.5323333740234375,91.34176635742188,96.3750991821289,-5.033332824707031,5.033332824707031,57.305633544921875,57.42719650268555,-0.12156295776367188,0.12156295776367188,-1.6513843536376953,0.6100962162017822,-2.2614805698394775,2.2614805698394775,19.320375442504883,21.770397186279297,-2.450021743774414,2.450021743774414
41,29141,47,33098,37724.5703125,11650.23828125,3.238094312046327,8.229098320007324,6.451612949371338,1.7774853706359863,4.606880187988281,0.31136512756347656,0.5218982696533203,-0.21053314208984375,0.21053314208984375,-75.54183197021484,-80.91773223876953,5.3759002685546875,5.3759002685546875,95.4775390625,98.4068832397461,-2.9293441772460938,2.9293441772460938,58.42354965209961,58.67255401611328,-0.24900436401367188,0.24900436401367188,-0.1514744758605957,0.8731403350830078,-1.0246148109436035,1.0246148109436035,18.046113967895508,21.18605613708496,-3.139942169189453,3.139942169189453
42,29948,47,33100,27204.18359375,11452.287109375,2.3754367432405954,10.664911270141602,9.677419662475586,0.9874916076660156,2.682672500610352,0.26078367233276367,0.4944005012512207,-0.23361682891845703,0.23361682891845703,-79.87350463867188,-82.16915893554688,2.295654296875,2.295654296875,98.19703674316406,99.30014038085938,-1.1031036376953125,1.1031036376953125,58.375240325927734,59.178977966308594,-0.8037376403808594,0.8037376403808594,-0.4901723861694336,-0.7546896934509277,0.26451730728149414,0.26451730728149414,16.1192626953125,17.65992546081543,-1.5406627655029297,1.5406627655029297
43,30583,44,31540,44446.5625,10294.6416015625,4.317446320156885,5.92495059967041,7.373271942138672,1.4483213424682615,4.596113681793213,0.5908899307250977,0.8612699508666992,-0.27038002014160156,0.27038002014160156,-74.50215148925781,-78.96734619140625,4.4651947021484375,4.4651947021484375,95.72740173339844,97.90325164794922,-2.1758499145507812,2.1758499145507812,56.97425842285156,59.26076126098633,-2.2865028381347656,2.2865028381347656,-1.559248924255371,-0.6698265075683594,-0.8894224166870117,0.8894224166870117,12.640464782714844,12.051122665405273,0.5893421173095703,0.5893421173095703
44,31334,33,23923,30691.76171875,11133.9248046875,2.756598617032912,10.928242683410645,12.837392807006836,1.9091501235961916,2.6078059673309326,2.799537181854248,2.5091099739074707,0.29042720794677734,0.29042720794677734,-78.3990707397461,-81.66981506347656,3.2707443237304688,3.2707443237304688,96.05538940429688,97.65047454833984,-1.5950851440429688,1.5950851440429688,56.532596588134766,57.77411651611328,-1.2415199279785156,1.2415199279785156,2.2064950466156006,1.6892189979553223,0.5172760486602783,0.5172760486602783,24.377901077270508,25.87570571899414,-1.4978046417236328,1.4978046417236328
45,32021,47,33097,44002.45703125,12066.72265625,3.646595540874454,7.8999342918396,5.990783214569092,1.909151077270508,3.4551360607147217,0.8434653282165527,0.08101415634155273,0.762451171875,0.762451171875,-80.60409545898438,-84.22857666015625,3.624481201171875,3.624481201171875,96.54338836669922,98.12992095947266,-1.5865325927734375,1.5865325927734375,55.6406135559082,57.67782974243164,-2.0372161865234375,2.0372161865234375,-0.698267936706543,-1.0413622856140137,0.3430943489074707,0.3430943489074707,14.052724838256836,16.12615394592285,-2.0734291076660156,2.0734291076660156
46,32800,47,33097,42871.77734375,12066.72265625,3.5528932391219263,5.727452278137207,5.990783214569092,0.2633309364318847,4.981607913970947,1.2304964065551758,1.3278675079345703,-0.09737110137939453,0.09737110137939453,-71.43489074707031,-80.36707305908203,8.932182312011719,8.932182312011719,91.03604888916016,96.86537170410156,-5.829322814941406,5.829322814941406,59.30253601074219,60.088035583496094,-0.7854995727539062,0.7854995727539062,0.33524417877197266,0.5975246429443359,-0.2622804641723633,0.2622804641723633,14.313119888305664,17.101503372192383,-2.7883834838867188,2.7883834838867188
47,33489,5,3873,29592.9921875,11747.0810546875,2.5191783430907164,9.21658992767334,8.031599998474121,1.1849899291992188,3.868170499801636,0.6021027565002441,0.6829733848571777,-0.0808706283569336,0.0808706283569336,-80.88382720947266,-84.63719940185547,3.7533721923828125,3.7533721923828125,95.07759094238281,97.18551635742188,-2.1079254150390625,2.1079254150390625,60.998931884765625,61.91977310180664,-0.9208412170410156,0.9208412170410156,-1.5027093887329102,-0.7946991920471191,-0.708010196685791,0.708010196685791,12.126914978027344,13.475643157958984,-1.3487281799316406,1.3487281799316406
48,34347,47,33100,36755.515625,11452.287109375,3.2094476215944177,10.467412948608398,9.677419662475586,0.7899932861328125,2.337608337402344,0.9557924270629883,1.1435351371765137,-0.1877427101135254,0.1877427101135254,-81.81824493408203,-83.82286834716797,2.0046234130859375,2.0046234130859375,98.69705200195312,99.870849609375,-1.173797607421875,1.173797607421875,54.92726135253906,55.263526916503906,-0.33626556396484375,0.33626556396484375,0.14629507064819336,0.8766164779663086,-0.7303214073181152,0.7303214073181152,12.198249816894531,14.29757308959961,-2.099323272705078,2.099323272705078
49,35131,5,3873,47330.23046875,11747.0810546875,4.029105634702637,6.056616306304932,8.031599998474121,1.9749836921691892,3.672128200531006,1.5209922790527344,1.3551397323608398,0.16585254669189453,0.16585254669189453,-75.97210693359375,-81.02032470703125,5.0482177734375,5.0482177734375,91.8067626953125,94.75697326660156,-2.9502105712890625,2.9502105712890625,59.980690002441406,60.98849105834961,-1.0078010559082031,1.0078010559082031,-1.7544193267822266,-1.2889723777770996,-0.46544694900512695,0.46544694900512695,14.618951797485352,14.327163696289062,0.29178810119628906,0.29178810119628906
