time_s,unix_time,act_gripper_command,sent_gripper_command,gripper_position,current_raw,abs_current_raw,system_armed,contact_detected,contact_position,post_contact_closure,safe_boundary_position,current_relief,position_limit_active
5.619581553000899,1788438008.108915,17.098125457763672,17.098125457763672,16.56210790464241,0.0,0.0,0,0,,0.0,,0,0
5.638983463000841,1788438008.128317,18.269153594970703,18.269153594970703,16.56210790464241,1.0,1.0,0,0,,0.0,,0,0
5.668431426000097,1788438008.1577652,18.8022403717041,18.8022403717041,16.68757841907152,4.0,4.0,0,0,,0.0,,0,0
5.701738588999433,1788438008.1910722,19.351978302001953,19.351978302001953,17.37766624843162,1.0,1.0,0,0,,0.0,,0,0
5.734552567000719,1788438008.223886,20.879919052124023,20.879919052124023,18.005018820577163,2.0,2.0,0,0,,0.0,,0,0
5.769879688999936,1788438008.2592132,21.85047721862793,21.85047721862793,18.63237139272271,4.0,4.0,0,0,,0.0,,0,0
5.804427516999567,1788438008.2937613,21.35188102722168,21.35188102722168,19.573400250941027,3.0,3.0,0,0,,0.0,,0,0
5.836200510000708,1788438008.325534,24.43058204650879,24.43058204650879,20.388958594730237,0.0,0.0,0,0,,0.0,,0,0
5.870914537999852,1788438008.360248,25.55712890625,25.55712890625,20.5771643663739,7.0,7.0,0,0,,0.0,,0,0
5.902739119001126,1788438008.3920727,28.341575622558594,28.341575622558594,21.392722710163113,8.0,8.0,0,0,,0.0,,0,0
5.936715166000795,1788438008.4260495,30.552085876464844,30.552085876464844,23.086574654956085,6.0,6.0,0,0,,0.0,,0,0
5.9694658650005294,1788438008.4587996,32.607688903808594,32.607688903808594,25.094102885821833,6.0,6.0,0,0,,0.0,,0,0
6.002707932000703,1788438008.4920416,32.84540557861328,32.84540557861328,27.164366373902133,4.0,4.0,0,0,,0.0,,0,0
6.035870679999789,1788438008.5252047,37.97611999511719,37.97611999511719,29.17189460476788,0.0,0.0,0,0,,0.0,,0,0
6.069730540999444,1788438008.5590641,39.42742156982422,39.42742156982422,30.61480552070264,4.0,4.0,0,0,,0.0,,0,0
6.106735618999664,1788438008.596069,48.86960220336914,48.86960220336914,32.05771643663739,17.0,17.0,0,0,,0.0,,0,0
6.137022031000015,1788438008.626356,55.857242584228516,55.857242584228516,34.19071518193225,14.0,14.0,1,0,,0.0,,0,0
6.170358401001067,1788438008.659692,65.96479797363281,65.96479797363281,37.327478042659976,11.0,11.0,1,0,,0.0,,0,0
6.204459962000328,1788438008.6937935,71.11102294921875,71.11102294921875,40.71518193224592,5.0,5.0,1,0,,0.0,,0,0
6.2364135080006236,1788438008.725747,76.01731872558594,76.01731872558594,44.165621079046424,8.0,8.0,1,0,,0.0,,0,0
6.2709944090001954,1788438008.760328,83.40736389160156,83.40736389160156,47.42785445420326,8.0,8.0,1,0,,0.0,,0,0
6.303456052000911,1788438008.79279,86.92147827148438,86.92147827148438,51.06649937264742,7.0,7.0,1,0,,0.0,,0,0
6.3372338360004505,1788438008.8265674,91.55126953125,91.55126953125,54.64240903387704,6.0,6.0,1,0,,0.0,,0,0
6.371103859000868,1788438008.8604374,94.41819763183594,94.41819763183594,58.21831869510665,8.0,8.0,1,0,,0.0,,0,0
6.404874682999434,1788438008.8942082,95.01978302001953,95.01978302001953,61.794228356336255,8.0,8.0,1,0,,0.0,,0,0
6.442778532000375,1788438008.9321122,95.17183685302734,95.17183685302734,65.7465495608532,7.0,7.0,1,0,,0.0,,0,0
6.4708946570008266,1788438008.9602284,95.45675659179688,95.45675659179688,68.63237139272272,7.0,7.0,1,0,,0.0,,0,0
6.504129787999773,1788438008.9934633,95.29216003417969,95.29216003417969,72.08281053952321,8.0,8.0,1,0,,0.0,,0,0
6.537609906999933,1788438009.0269434,95.44451141357422,95.44451141357422,75.65872020075282,7.0,7.0,1,0,,0.0,,0,0
6.571757570000045,1788438009.0610912,95.44435119628906,95.44435119628906,79.10915934755333,7.0,7.0,1,0,,0.0,,0,0
6.6055077760011045,1788438009.0948412,95.53800201416016,95.53800201416016,82.43412797992472,7.0,7.0,1,0,,0.0,,0,0
6.640780424000695,1788438009.130114,95.32577514648438,95.32577514648438,86.07277289836888,1.0,1.0,1,0,,0.0,,0,0
6.67250695400071,1788438009.1618407,95.38876342773438,95.38876342773438,89.14680050188207,0.0,0.0,1,0,,0.0,,0,0
6.706358422999983,1788438009.195692,95.16258239746094,95.16258239746094,91.27979924717692,0.0,0.0,1,0,,0.0,,0,0
6.73903822200009,1788438009.2283719,95.10074615478516,95.10074615478516,92.534504391468,0.0,0.0,1,0,,0.0,,0,0
6.77150446000087,1788438009.2608385,95.10041809082031,95.10041809082031,93.28732747804266,1.0,1.0,1,0,,0.0,,0,0
6.807450881000477,1788438009.2967846,94.96229553222656,94.96229553222656,93.7892095357591,0.0,0.0,1,0,,0.0,,0,0
6.8387475830004405,1788438009.3280811,94.83755493164062,94.83755493164062,94.10288582183188,1.0,1.0,1,0,,0.0,,0,0
6.874458910000612,1788438009.3637927,94.73152160644531,94.73152160644531,94.29109159347553,1.0,1.0,1,0,,0.0,,0,0
6.905103402999885,1788438009.3944368,94.63972473144531,94.63972473144531,94.3538268506901,1.0,1.0,1,0,,0.0,,0,0
6.939113971000552,1788438009.4284477,94.54965209960938,94.54965209960938,94.3538268506901,0.0,0.0,1,0,,0.0,,0,0
6.971487556000284,1788438009.4608212,94.51654052734375,94.51654052734375,94.3538268506901,0.0,0.0,1,0,,0.0,,0,0
7.004571245000989,1788438009.4939048,94.41793823242188,94.41793823242188,94.3538268506901,0.0,0.0,1,0,,0.0,,0,0
7.0379644019994885,1788438009.527298,94.2619400024414,94.2619400024414,94.3538268506901,0.0,0.0,1,0,,0.0,,0,0
7.072609189999639,1788438009.5619428,94.09947967529297,94.09947967529297,94.3538268506901,0.0,0.0,1,0,,0.0,,0,0
7.106513040000209,1788438009.595847,94.00032043457031,94.00032043457031,94.3538268506901,1.0,1.0,1,0,,0.0,,0,0
7.138766890000625,1788438009.6281006,94.01449584960938,94.01449584960938,94.3538268506901,1.0,1.0,1,0,,0.0,,0,0
7.1734910200011655,1788438009.6628246,94.0400161743164,94.0400161743164,94.29109159347553,0.0,0.0,1,0,,0.0,,0,0
7.206409718000941,1788438009.6957436,93.93579864501953,93.93579864501953,94.22835633626097,0.0,0.0,1,0,,0.0,,0,0
7.242767068999456,1788438009.732101,93.92878723144531,93.92878723144531,94.22835633626097,0.0,0.0,1,0,,0.0,,0,0
7.275714020001033,1788438009.7650476,94.02088928222656,94.02088928222656,94.22835633626097,0.0,0.0,1,0,,0.0,,0,0
7.308351810001113,1788438009.7976856,94.09599304199219,94.09599304199219,94.16562107904642,0.0,0.0,1,0,,0.0,,0,0
7.341702842999439,1788438009.831037,94.2393569946289,94.2393569946289,94.16562107904642,0.0,0.0,1,0,,0.0,,0,0
7.372733276000872,1788438009.862067,94.23342895507812,94.23342895507812,94.16562107904642,0.0,0.0,1,0,,0.0,,0,0
7.40839980400051,1788438009.8977337,94.30996704101562,94.30996704101562,94.16562107904642,0.0,0.0,1,0,,0.0,,0,0
7.439394529999845,1788438009.9287286,94.28817749023438,94.28817749023438,94.16562107904642,0.0,0.0,1,0,,0.0,,0,0
7.475473622000209,1788438009.9648075,94.17539978027344,94.17539978027344,94.16562107904642,0.0,0.0,1,0,,0.0,,0,0
7.506855450999865,1788438009.996189,94.41558074951172,94.41558074951172,94.16562107904642,0.0,0.0,1,0,,0.0,,0,0
7.540196928999649,1788438010.0295305,94.40106964111328,94.40106964111328,94.16562107904642,0.0,0.0,1,0,,0.0,,0,0
7.575637699999788,1788438010.0649714,94.2972412109375,94.2972412109375,94.16562107904642,1.0,1.0,1,0,,0.0,,0,0
7.6093938300000445,1788438010.0987275,94.40684509277344,94.40684509277344,94.16562107904642,0.0,0.0,1,0,,0.0,,0,0
7.642423077000785,1788438010.1317568,94.5918197631836,94.5918197631836,94.16562107904642,0.0,0.0,1,0,,0.0,,0,0
7.675393117000567,1788438010.1647267,94.82772064208984,94.82772064208984,94.16562107904642,1.0,1.0,1,0,,0.0,,0,0
7.709464412000671,1788438010.1987982,94.76974487304688,94.76974487304688,94.29109159347553,1.0,1.0,1,0,,0.0,,0,0
7.742331393999848,1788438010.2316651,94.6246566772461,94.6246566772461,94.41656210790464,0.0,0.0,1,0,,0.0,,0,0
7.7747702920005395,1788438010.264104,94.73648071289062,94.73648071289062,94.4792973651192,0.0,0.0,1,0,,0.0,,0,0
7.807704119999471,1788438010.2970376,94.83561706542969,94.83561706542969,94.4792973651192,0.0,0.0,1,0,,0.0,,0,0
7.842002418999982,1788438010.3313363,94.93604278564453,94.93604278564453,94.4792973651192,0.0,0.0,1,0,,0.0,,0,0
7.876695737999398,1788438010.3660293,95.10955810546875,95.10955810546875,94.4792973651192,1.0,1.0,1,0,,0.0,,0,0
7.910844796000674,1788438010.4001787,95.13177490234375,95.13177490234375,94.4792973651192,1.0,1.0,1,0,,0.0,,0,0
7.941977636000956,1788438010.4313111,95.2635498046875,95.2635498046875,94.66750313676286,0.0,0.0,1,0,,0.0,,0,0
7.979516633000458,1788438010.4688501,95.08102416992188,95.08102416992188,94.66750313676286,2.0,2.0,1,0,,0.0,,0,0
8.008271830000012,1788438010.4976056,95.27156829833984,95.27156829833984,94.73023839397742,0.0,0.0,1,0,,0.0,,0,0
8.047409496999535,1788438010.5367432,95.31523132324219,95.31523132324219,94.79297365119197,0.0,0.0,1,0,,0.0,,0,0
8.075091007000083,1788438010.5644248,95.28642272949219,95.28642272949219,94.85570890840653,1.0,1.0,1,0,,0.0,,0,0
8.107683588999862,1788438010.5970173,95.34439849853516,95.34439849853516,94.91844416562107,0.0,0.0,1,0,,0.0,,0,0
8.14393802000086,1788438010.6332717,95.22259521484375,95.22259521484375,94.91844416562107,0.0,0.0,1,0,,0.0,,0,0
8.17678635899938,1788438010.6661205,95.44973754882812,95.44973754882812,94.91844416562107,0.0,0.0,1,0,,0.0,,0,0
8.2100305820004,1788438010.6993642,95.42520141601562,95.42520141601562,94.91844416562107,1.0,1.0,1,0,,0.0,,0,0
8.24529740500111,1788438010.73465,95.45370483398438,95.45370483398438,94.91844416562107,1.0,1.0,1,0,,0.0,,0,0
8.277573638000831,1788438010.7669075,95.39193725585938,95.39193725585938,94.91844416562107,1.0,1.0,1,0,,0.0,,0,0
8.30974648099982,1788438010.7990801,95.34577941894531,95.34577941894531,94.91844416562107,1.0,1.0,1,0,,0.0,,0,0
8.346388986999955,1788438010.8357224,95.28694152832031,95.28694152832031,94.91844416562107,0.0,0.0,1,0,,0.0,,0,0
8.375710129001163,1788438010.8650436,95.18115234375,95.18115234375,94.91844416562107,0.0,0.0,1,0,,0.0,,0,0
8.408794809000028,1788438010.8981283,95.30060577392578,95.30060577392578,94.91844416562107,0.0,0.0,1,0,,0.0,,0,0
8.445499524999832,1788438010.9348335,94.92967224121094,94.92967224121094,94.91844416562107,0.0,0.0,1,0,,0.0,,0,0
8.478401812000811,1788438010.9677355,94.87004089355469,94.87004089355469,94.91844416562107,0.0,0.0,1,0,,0.0,,0,0
8.511397755000871,1788438011.0007317,94.92324829101562,94.92324829101562,94.85570890840653,0.0,0.0,1,0,,0.0,,0,0
8.546923056001106,1788438011.0362568,94.90925598144531,94.90925598144531,94.85570890840653,0.0,0.0,1,0,,0.0,,0,0
8.576898502000404,1788438011.0662322,94.70533752441406,94.70533752441406,94.85570890840653,0.0,0.0,1,0,,0.0,,0,0
8.6117963279994,1788438011.10113,94.70039367675781,94.70039367675781,94.85570890840653,1.0,1.0,1,0,,0.0,,0,0
8.645593678000296,1788438011.1349273,94.67478942871094,94.67478942871094,94.85570890840653,0.0,0.0,1,0,,0.0,,0,0
8.67686169099943,1788438011.1661952,94.57733154296875,94.57733154296875,94.85570890840653,0.0,0.0,1,0,,0.0,,0,0
8.710479790001045,1788438011.1998134,94.68441772460938,94.68441772460938,94.85570890840653,1.0,1.0,1,0,,0.0,,0,0
8.744475268000315,1788438011.2338092,94.56248474121094,94.56248474121094,94.85570890840653,0.0,0.0,1,0,,0.0,,0,0
8.775009543000124,1788438011.264343,94.55282592773438,94.55282592773438,94.85570890840653,0.0,0.0,1,0,,0.0,,0,0
8.809619584000757,1788438011.2989533,94.46054077148438,94.46054077148438,94.85570890840653,1.0,1.0,1,0,,0.0,,0,0
8.844030375999864,1788438011.333364,94.63908386230469,94.63908386230469,94.79297365119197,0.0,0.0,1,0,,0.0,,0,0
8.875837937001052,1788438011.3651717,94.676513671875,94.676513671875,94.73023839397742,0.0,0.0,1,0,,0.0,,0,0
8.910703367000679,1788438011.400037,94.55471801757812,94.55471801757812,94.73023839397742,0.0,0.0,1,0,,0.0,,0,0
8.988740750999568,1788438011.4780743,95.83457946777344,95.83457946777344,94.73023839397742,1.0,1.0,1,0,,0.0,,0,0
9.003054101000089,1788438011.4923878,95.89165496826172,95.89165496826172,94.73023839397742,0.0,0.0,1,0,,0.0,,0,0
9.041852660000586,1788438011.531186,95.67753601074219,95.67753601074219,94.79297365119197,3.0,3.0,1,0,,0.0,,0,0
9.069853033000982,1788438011.5591867,95.62944030761719,95.62944030761719,95.10664993726475,0.0,0.0,1,0,,0.0,,0,0
9.102461804000995,1788438011.5917954,95.64230346679688,95.64230346679688,95.16938519447929,1.0,1.0,1,0,,0.0,,0,0
9.136495630000354,1788438011.6258295,95.6533432006836,95.6533432006836,95.23212045169385,1.0,1.0,1,0,,0.0,,0,0
9.170439076000548,1788438011.6597726,95.65879821777344,95.65879821777344,95.23212045169385,0.0,0.0,1,0,,0.0,,0,0
9.203430449000734,1788438011.692764,95.6772689819336,95.6772689819336,95.23212045169385,1.0,1.0,1,0,,0.0,,0,0
9.236455784999634,1788438011.7257895,95.60372924804688,95.60372924804688,95.23212045169385,1.0,1.0,1,0,,0.0,,0,0
9.270424952999747,1788438011.7597587,95.35723114013672,95.35723114013672,95.23212045169385,0.0,0.0,1,0,,0.0,,0,0
9.305434457999581,1788438011.794768,95.454833984375,95.454833984375,95.23212045169385,0.0,0.0,1,0,,0.0,,0,0
9.336494797000341,1788438011.8258286,95.54669189453125,95.54669189453125,95.23212045169385,0.0,0.0,1,0,,0.0,,0,0
9.370423865000703,1788438011.8597577,95.63408660888672,95.63408660888672,95.23212045169385,1.0,1.0,1,0,,0.0,,0,0
9.403424911000911,1788438011.8927586,95.55488586425781,95.55488586425781,95.23212045169385,1.0,1.0,1,0,,0.0,,0,0
9.436912148999909,1788438011.9262457,95.35559844970703,95.35559844970703,95.23212045169385,0.0,0.0,1,0,,0.0,,0,0
9.468931782999789,1788438011.9582655,95.5821762084961,95.5821762084961,95.23212045169385,0.0,0.0,1,0,,0.0,,0,0
9.503457451999566,1788438011.992791,95.30789184570312,95.30789184570312,95.23212045169385,1.0,1.0,1,0,,0.0,,0,0
9.537444055000378,1788438012.0267777,95.27470397949219,95.27470397949219,95.23212045169385,0.0,0.0,1,0,,0.0,,0,0
9.569644539000365,1788438012.0589783,95.28311157226562,95.28311157226562,95.23212045169385,0.0,0.0,1,0,,0.0,,0,0
9.601975883000705,1788438012.0913098,95.29693603515625,95.29693603515625,95.23212045169385,0.0,0.0,1,0,,0.0,,0,0
9.634595101000741,1788438012.1239288,95.25784301757812,95.25784301757812,95.23212045169385,0.0,0.0,1,0,,0.0,,0,0
9.669165232000523,1788438012.1584988,95.209228515625,95.209228515625,95.23212045169385,0.0,0.0,1,0,,0.0,,0,0
9.702622680000786,1788438012.1919563,95.25035095214844,95.25035095214844,95.23212045169385,0.0,0.0,1,0,,0.0,,0,0
9.737961631000871,1788438012.2272952,95.30956268310547,95.30956268310547,95.23212045169385,0.0,0.0,1,0,,0.0,,0,0
9.769416178000029,1788438012.2587497,95.23899841308594,95.23899841308594,95.23212045169385,0.0,0.0,1,0,,0.0,,0,0
9.804871763999472,1788438012.2942057,95.22755432128906,95.22755432128906,95.23212045169385,0.0,0.0,1,0,,0.0,,0,0
9.840474216000075,1788438012.3298078,95.26118469238281,95.26118469238281,95.23212045169385,0.0,0.0,1,0,,0.0,,0,0
9.871792785001162,1788438012.3611264,95.17170715332031,95.17170715332031,95.23212045169385,0.0,0.0,1,0,,0.0,,0,0
9.904457906000971,1788438012.3937917,95.20380401611328,95.20380401611328,95.23212045169385,0.0,0.0,1,0,,0.0,,0,0
9.938472019000983,1788438012.4278057,95.31617736816406,95.31617736816406,95.23212045169385,0.0,0.0,1,0,,0.0,,0,0
9.972599028000332,1788438012.4619327,95.3260498046875,95.3260498046875,95.23212045169385,0.0,0.0,1,0,,0.0,,0,0
10.004417756999828,1788438012.4937513,95.43721771240234,95.43721771240234,95.23212045169385,0.0,0.0,1,0,,0.0,,0,0
10.038901129000806,1788438012.5282347,95.4635238647461,95.4635238647461,95.23212045169385,0.0,0.0,1,0,,0.0,,0,0
10.071761766001146,1788438012.5610955,95.47484588623047,95.47484588623047,95.23212045169385,0.0,0.0,1,0,,0.0,,0,0
10.103606466000201,1788438012.5929403,95.44207763671875,95.44207763671875,95.23212045169385,0.0,0.0,1,0,,0.0,,0,0
10.136210622000362,1788438012.6255443,95.49658966064453,95.49658966064453,95.23212045169385,0.0,0.0,1,0,,0.0,,0,0
10.169568463999894,1788438012.658902,95.48170471191406,95.48170471191406,95.23212045169385,1.0,1.0,1,0,,0.0,,0,0
10.203728780999882,1788438012.6930625,95.5742416381836,95.5742416381836,95.23212045169385,0.0,0.0,1,0,,0.0,,0,0
10.236627862001114,1788438012.7259617,95.55365753173828,95.55365753173828,95.23212045169385,1.0,1.0,1,0,,0.0,,0,0
10.270535913999993,1788438012.7598693,95.64957427978516,95.64957427978516,95.23212045169385,1.0,1.0,1,0,,0.0,,0,0
10.303444610999577,1788438012.7927783,95.62727355957031,95.62727355957031,95.23212045169385,0.0,0.0,1,0,,0.0,,0,0
10.338398714000505,1788438012.8277326,95.64112854003906,95.64112854003906,95.23212045169385,1.0,1.0,1,0,,0.0,,0,0
10.369425949000288,1788438012.8587596,95.6658935546875,95.6658935546875,95.23212045169385,0.0,0.0,1,0,,0.0,,0,0
10.4029350790006,1788438012.892269,95.6761474609375,95.6761474609375,95.23212045169385,1.0,1.0,1,0,,0.0,,0,0
10.437905143000535,1788438012.9272387,95.67893981933594,95.67893981933594,95.23212045169385,1.0,1.0,1,0,,0.0,,0,0
10.4748038609996,1788438012.9641376,95.78840637207031,95.78840637207031,95.23212045169385,0.0,0.0,1,0,,0.0,,0,0
10.509826658000748,1788438012.9991603,95.74176025390625,95.74176025390625,95.23212045169385,1.0,1.0,1,0,,0.0,,0,0
10.539119541999753,1788438013.0284534,95.70784759521484,95.70784759521484,95.23212045169385,1.0,1.0,1,0,,0.0,,0,0
10.572143725999922,1788438013.0614774,95.66598510742188,95.66598510742188,95.23212045169385,0.0,0.0,1,0,,0.0,,0,0
10.60552036000081,1788438013.0948539,95.84049987792969,95.84049987792969,95.23212045169385,0.0,0.0,1,0,,0.0,,0,0
10.638343395999982,1788438013.127677,95.84154510498047,95.84154510498047,95.23212045169385,1.0,1.0,1,0,,0.0,,0,0
10.671123071000693,1788438013.1604567,95.78413391113281,95.78413391113281,95.29485570890841,1.0,1.0,1,0,,0.0,,0,0
10.706787233000796,1788438013.1961207,95.8691635131836,95.8691635131836,95.29485570890841,1.0,1.0,1,0,,0.0,,0,0
10.739368888000172,1788438013.2287025,95.81124877929688,95.81124877929688,95.29485570890841,1.0,1.0,1,0,,0.0,,0,0
10.772569257000214,1788438013.261903,95.85028076171875,95.85028076171875,95.29485570890841,0.0,0.0,1,0,,0.0,,0,0
10.806422003999614,1788438013.2957556,95.8491439819336,95.8491439819336,95.29485570890841,1.0,1.0,1,0,,0.0,,0,0
10.839088108999931,1788438013.3284216,95.82451629638672,95.82451629638672,95.29485570890841,0.0,0.0,1,0,,0.0,,0,0
10.877188010999816,1788438013.3665218,95.89215087890625,95.89215087890625,95.29485570890841,1.0,1.0,1,0,,0.0,,0,0
10.90939406399957,1788438013.3987277,95.89384460449219,95.89384460449219,95.29485570890841,1.0,1.0,1,0,,0.0,,0,0
10.940384028999688,1788438013.4297178,95.93244934082031,95.93244934082031,95.29485570890841,1.0,1.0,1,0,,0.0,,0,0
10.97366170100031,1788438013.4629955,95.97429656982422,95.97429656982422,95.29485570890841,1.0,1.0,1,0,,0.0,,0,0
11.006385333999788,1788438013.4957192,95.96443176269531,95.96443176269531,95.35759096612296,0.0,0.0,1,0,,0.0,,0,0
11.03853117700055,1788438013.527865,95.95233917236328,95.95233917236328,95.35759096612296,1.0,1.0,1,0,,0.0,,0,0
11.073199600999942,1788438013.5625336,96.00326538085938,96.00326538085938,95.48306148055207,0.0,0.0,1,0,,0.0,,0,0
11.105813287000274,1788438013.5951467,95.97434997558594,95.97434997558594,95.48306148055207,1.0,1.0,1,0,,0.0,,0,0
11.13848393400076,1788438013.6278176,96.08114624023438,96.08114624023438,95.48306148055207,1.0,1.0,1,0,,0.0,,0,0
11.173469567000211,1788438013.6628032,96.1073989868164,96.1073989868164,95.48306148055207,1.0,1.0,1,0,,0.0,,0,0
11.207438081999499,1788438013.6967719,96.18726348876953,96.18726348876953,95.54579673776662,0.0,0.0,1,0,,0.0,,0,0
11.239131020000059,1788438013.7284646,96.24093627929688,96.24093627929688,95.60853199498118,1.0,1.0,1,0,,0.0,,0,0
11.272908176000783,1788438013.7622418,96.21328735351562,96.21328735351562,95.60853199498118,2.0,2.0,1,0,,0.0,,0,0
11.305870764999781,1788438013.7952046,96.33746337890625,96.33746337890625,95.60853199498118,1.0,1.0,1,0,,0.0,,0,0
11.341370213000118,1788438013.830704,96.41661071777344,96.41661071777344,95.60853199498118,1.0,1.0,1,0,,0.0,,0,0
11.374784797000757,1788438013.8641186,96.44229125976562,96.44229125976562,95.60853199498118,1.0,1.0,1,0,,0.0,,0,0
11.410432337001112,1788438013.899766,96.33918762207031,96.33918762207031,95.60853199498118,3.0,3.0,1,0,,0.0,,0,0
11.44144366600085,1788438013.9307773,96.46446228027344,96.46446228027344,95.67126725219573,0.0,0.0,1,0,,0.0,,0,0
11.473842523000712,1788438013.9631763,96.55028533935547,96.55028533935547,95.73400250941029,2.0,2.0,1,0,,0.0,,0,0
11.505770866000603,1788438013.9951046,96.68362426757812,96.68362426757812,95.73400250941029,2.0,2.0,1,0,,0.0,,0,0
11.539339330000075,1788438014.028673,96.65057373046875,96.65057373046875,95.8594730238394,2.0,2.0,1,0,,0.0,,0,0
11.573599843999546,1788438014.0629337,96.42578125,96.42578125,95.92220828105395,1.0,1.0,1,0,,0.0,,0,0
11.607197383000312,1788438014.0965312,96.51665496826172,96.51665496826172,95.98494353826851,0.0,0.0,1,0,,0.0,,0,0
11.641333626001142,1788438014.1306672,95.75503540039062,95.75503540039062,95.98494353826851,1.0,1.0,1,0,,0.0,,0,0
11.675753789000737,1788438014.1650875,94.431640625,94.431640625,95.98494353826851,1.0,1.0,1,0,,0.0,,0,0
11.708377324001049,1788438014.1977108,92.43185424804688,92.43185424804688,95.73400250941029,3.0,3.0,1,0,,0.0,,0,0
11.741406323000774,1788438014.23074,90.84000396728516,90.84000396728516,95.16938519447929,5.0,5.0,1,0,,0.0,,0,0
11.773944163000124,1788438014.2632778,87.50637817382812,87.50637817382812,94.41656210790464,6.0,6.0,1,0,,0.0,,0,0
11.808743650999531,1788438014.298077,84.53534698486328,84.53534698486328,92.72271016311167,3.0,3.0,1,0,,0.0,,0,0
11.841440862001036,1788438014.3307745,78.50529479980469,78.50529479980469,90.96612296110415,10.0,10.0,1,0,,0.0,,0,0
11.87542138400022,1788438014.3647552,74.4811019897461,74.4811019897461,88.64491844416563,12.0,12.0,1,0,,0.0,,0,0
11.909440290999555,1788438014.398774,70.88134765625,70.88134765625,85.69636135508155,11.0,11.0,1,0,,0.0,,0,0
11.942288700000063,1788438014.4316225,65.38374328613281,65.38374328613281,82.24592220828106,8.0,8.0,1,0,,0.0,,0,0
11.978429357001005,1788438014.467763,62.28639221191406,62.28639221191406,78.85821831869511,9.0,9.0,1,0,,0.0,,0,0
12.00937404599972,1788438014.4987078,58.59409713745117,58.59409713745117,75.21957340025094,7.0,7.0,1,0,,0.0,,0,0
12.042389661000925,1788438014.5317233,54.732357025146484,54.732357025146484,71.89460476787954,8.0,8.0,1,0,,0.0,,0,0
12.076416211000833,1788438014.5657496,53.63426208496094,53.63426208496094,68.50690087829359,8.0,8.0,1,0,,0.0,,0,0
12.107324034001067,1788438014.596658,49.386070251464844,49.386070251464844,64.99372647427855,6.0,6.0,1,0,,0.0,,0,0
12.142258099000173,1788438014.631592,47.345829010009766,47.345829010009766,61.22961104140528,7.0,7.0,1,0,,0.0,,0,0
12.174676701000863,1788438014.6640105,45.392093658447266,45.392093658447266,57.779171894604765,6.0,6.0,1,0,,0.0,,0,0
12.209421057999862,1788438014.6987548,42.53837585449219,42.53837585449219,54.391468005018815,4.0,4.0,1,0,,0.0,,0,0
12.242336957000589,1788438014.7316709,43.15510177612305,43.15510177612305,50.87829360100377,1.0,1.0,1,0,,0.0,,0,0
12.276405857999634,1788438014.7657394,40.93701934814453,40.93701934814453,47.9297365119197,0.0,0.0,1,0,,0.0,,0,0
12.351735710999492,1788438014.8410692,44.167442321777344,44.167442321777344,43.66373902132999,0.0,0.0,1,0,,0.0,,0,0
12.371284877001017,1788438014.860619,40.33297348022461,40.33297348022461,43.22459222082811,0.0,0.0,1,0,,0.0,,0,0
12.39824297999985,1788438014.8875768,35.19279479980469,35.19279479980469,42.59723964868256,0.0,0.0,1,0,,0.0,,0,0
12.429644523001116,1788438014.9189782,30.2326602935791,30.2326602935791,42.28356336260979,7.0,7.0,1,0,,0.0,,0,0
12.462793770000644,1788438014.9521275,26.69904136657715,26.69904136657715,41.09159347553325,11.0,11.0,1,0,,0.0,,0,0
12.496768938999594,1788438014.9861026,24.183815002441406,24.183815002441406,38.707653701380174,21.0,21.0,1,0,,0.0,,0,0
12.531013961001008,1788438015.0203476,19.022998809814453,19.022998809814453,35.38268506900879,9.0,9.0,1,0,,0.0,,0,0
12.56363444300041,1788438015.0529683,17.61943244934082,17.61943244934082,32.05771643663739,8.0,8.0,1,0,,0.0,,0,0
12.596639949999371,1788438015.0859737,15.222412109375,15.222412109375,28.670012547051442,7.0,7.0,1,0,,0.0,,0,0
12.631935564000742,1788438015.1212692,12.751548767089844,12.751548767089844,25.407779171894607,5.0,5.0,1,0,,0.0,,0,0
12.66607233600007,1788438015.155406,11.15762710571289,11.15762710571289,21.45545796737767,0.0,0.0,1,0,,0.0,,0,0
12.698846987999787,1788438015.1881807,8.305015563964844,8.305015563964844,18.318695106649937,2.0,2.0,1,0,,0.0,,0,0
12.733241748999717,1788438015.2225757,6.088657379150391,6.088657379150391,15.621079046424091,5.0,5.0,1,0,,0.0,,0,0
12.766815815000882,1788438015.2561495,4.8500518798828125,4.8500518798828125,13.29987452948557,4.0,4.0,1,0,,0.0,,0,0
12.798401784999442,1788438015.2877352,4.1144866943359375,4.1144866943359375,10.664993726474279,3.0,3.0,1,0,,0.0,,0,0
12.833467118000044,1788438015.3228009,2.349414825439453,2.349414825439453,8.657465495608532,4.0,4.0,1,0,,0.0,,0,0
12.866726386000664,1788438015.3560603,1.9465789794921875,7.277289836888332,7.277289836888332,14.0,14.0,1,1,7.277289836888332,0.0,6.277289836888332,1,1
12.900475599999481,1788438015.3898094,1.5260658264160156,7.277289836888332,6.273525721455458,16.0,16.0,1,1,7.277289836888332,1.0037641154328734,6.277289836888332,1,1
12.930723323001075,1788438015.420057,1.3240432739257812,6.277289836888332,5.520702634880803,6.0,6.0,1,1,7.277289836888332,1.7565872020075286,6.277289836888332,0,1
12.967695610001101,1788438015.4570293,1.5026626586914062,6.277289836888332,5.583437892095358,1.0,1.0,1,1,7.277289836888332,1.693851944792974,6.277289836888332,0,1
13.000378730001103,1788438015.4897125,1.5909996032714844,6.277289836888332,6.336260978670012,0.0,0.0,1,1,7.277289836888332,0.9410288582183197,6.277289836888332,0,1
13.033487024000351,1788438015.522821,1.4780158996582031,6.277289836888332,6.587202007528231,0.0,0.0,1,1,7.277289836888332,0.6900878293601007,6.277289836888332,0,1
13.067459283000062,1788438015.556793,1.7052116394042969,6.277289836888332,6.649937264742785,0.0,0.0,1,1,7.277289836888332,0.6273525721455471,6.277289836888332,0,1
13.100813995999488,1788438015.5901475,1.763031005859375,6.277289836888332,6.649937264742785,1.0,1.0,1,1,7.277289836888332,0.6273525721455471,6.277289836888332,0,1
13.131446216999393,1788438015.62078,1.8074531555175781,6.277289836888332,6.649937264742785,1.0,1.0,1,1,7.277289836888332,0.6273525721455471,6.277289836888332,0,1
13.166322910999952,1788438015.6556568,1.8880462646484375,6.277289836888332,6.649937264742785,0.0,0.0,1,1,7.277289836888332,0.6273525721455471,6.277289836888332,0,1
13.200781816000017,1788438015.6901157,2.048809051513672,6.277289836888332,6.649937264742785,0.0,0.0,1,1,7.277289836888332,0.6273525721455471,6.277289836888332,0,1
13.233423707999464,1788438015.7227576,2.017841339111328,6.277289836888332,6.649937264742785,0.0,0.0,1,1,7.277289836888332,0.6273525721455471,6.277289836888332,0,1
13.26536690499961,1788438015.7547007,1.9962005615234375,6.277289836888332,6.649937264742785,1.0,1.0,1,1,7.277289836888332,0.6273525721455471,6.277289836888332,0,1
13.299998733000393,1788438015.7893324,2.14093017578125,6.277289836888332,6.649937264742785,0.0,0.0,1,1,7.277289836888332,0.6273525721455471,6.277289836888332,0,1
13.333577852999952,1788438015.8229115,2.0659828186035156,6.277289836888332,6.649937264742785,1.0,1.0,1,1,7.277289836888332,0.6273525721455471,6.277289836888332,0,1
13.370821685999545,1788438015.8601553,2.122589111328125,6.277289836888332,6.649937264742785,1.0,1.0,1,1,7.277289836888332,0.6273525721455471,6.277289836888332,0,1
13.402675606999765,1788438015.8920093,2.146881103515625,6.277289836888332,6.649937264742785,0.0,0.0,1,1,7.277289836888332,0.6273525721455471,6.277289836888332,0,1
13.432834858000206,1788438015.9221685,2.1514205932617188,6.277289836888332,6.649937264742785,0.0,0.0,1,1,7.277289836888332,0.6273525721455471,6.277289836888332,0,1
13.466318983000747,1788438015.9556527,2.1466903686523438,6.277289836888332,6.649937264742785,1.0,1.0,1,1,7.277289836888332,0.6273525721455471,6.277289836888332,0,1
13.499674693000998,1788438015.9890084,2.261859893798828,6.277289836888332,6.649937264742785,1.0,1.0,1,1,7.277289836888332,0.6273525721455471,6.277289836888332,0,1
13.534611668001162,1788438016.0239453,2.3030929565429688,6.277289836888332,6.649937264742785,1.0,1.0,1,1,7.277289836888332,0.6273525721455471,6.277289836888332,0,1
13.568285309000203,1788438016.0576189,2.3384056091308594,6.277289836888332,6.649937264742785,0.0,0.0,1,1,7.277289836888332,0.6273525721455471,6.277289836888332,0,1
13.59986642200056,1788438016.0892012,2.3967628479003906,6.277289836888332,6.649937264742785,0.0,0.0,1,1,7.277289836888332,0.6273525721455471,6.277289836888332,0,1
13.634726837000926,1788438016.1240604,2.447002410888672,6.277289836888332,6.649937264742785,1.0,1.0,1,1,7.277289836888332,0.6273525721455471,6.277289836888332,0,1
13.66877916300109,1788438016.1581128,2.4634361267089844,6.277289836888332,6.649937264742785,1.0,1.0,1,1,7.277289836888332,0.6273525721455471,6.277289836888332,0,1
13.699738642000739,1788438016.1890724,2.7654266357421875,6.277289836888332,6.649937264742785,1.0,1.0,1,1,7.277289836888332,0.6273525721455471,6.277289836888332,0,1
13.735434702999555,1788438016.2247689,2.8040695190429688,6.277289836888332,6.649937264742785,0.0,0.0,1,1,7.277289836888332,0.6273525721455471,6.277289836888332,0,1
13.766776091000793,1788438016.2561097,2.7831268310546875,6.277289836888332,6.649937264742785,1.0,1.0,1,1,7.277289836888332,0.6273525721455471,6.277289836888332,0,1
13.802408486999411,1788438016.2917426,2.933868408203125,6.277289836888332,6.649937264742785,1.0,1.0,1,1,7.277289836888332,0.6273525721455471,6.277289836888332,0,1
13.833957255999849,1788438016.3232908,2.9087142944335938,6.277289836888332,6.649937264742785,0.0,0.0,1,1,7.277289836888332,0.6273525721455471,6.277289836888332,0,1
13.867991131000963,1788438016.3573248,3.0439910888671875,6.277289836888332,6.649937264742785,1.0,1.0,1,1,7.277289836888332,0.6273525721455471,6.277289836888332,0,1
13.901139514000533,1788438016.3904731,3.0627059936523438,6.277289836888332,6.649937264742785,1.0,1.0,1,1,7.277289836888332,0.6273525721455471,6.277289836888332,0,1
13.934561940001004,1788438016.423896,3.0553016662597656,6.277289836888332,6.649937264742785,0.0,0.0,1,1,7.277289836888332,0.6273525721455471,6.277289836888332,0,1
13.969352218000495,1788438016.458686,3.2627525329589844,6.277289836888332,6.649937264742785,1.0,1.0,1,1,7.277289836888332,0.6273525721455471,6.277289836888332,0,1
14.001443295001081,1788438016.4907768,3.3006591796875,6.277289836888332,6.649937264742785,1.0,1.0,1,1,7.277289836888332,0.6273525721455471,6.277289836888332,0,1
14.034000114001174,1788438016.5233338,3.3823013305664062,6.277289836888332,6.649937264742785,0.0,0.0,1,1,7.277289836888332,0.6273525721455471,6.277289836888332,0,1
14.068782726999416,1788438016.5581164,3.4038124084472656,6.277289836888332,6.649937264742785,1.0,1.0,1,1,7.277289836888332,0.6273525721455471,6.277289836888332,0,1
14.100954215000456,1788438016.5902882,3.5389747619628906,6.277289836888332,6.649937264742785,1.0,1.0,1,1,7.277289836888332,0.6273525721455471,6.277289836888332,0,1
14.1341047599999,1788438016.6234386,3.5403213500976562,6.277289836888332,6.649937264742785,1.0,1.0,1,1,7.277289836888332,0.6273525721455471,6.277289836888332,0,1
14.1677529410008,1788438016.6570866,3.6792068481445312,6.277289836888332,6.649937264742785,0.0,0.0,1,1,7.277289836888332,0.6273525721455471,6.277289836888332,0,1
14.203663333000804,1788438016.692997,3.7680702209472656,6.277289836888332,6.649937264742785,1.0,1.0,1,1,7.277289836888332,0.6273525721455471,6.277289836888332,0,1
14.234292065999398,1788438016.7236257,3.79522705078125,6.277289836888332,6.649937264742785,1.0,1.0,1,1,7.277289836888332,0.6273525721455471,6.277289836888332,0,1
14.270434592001038,1788438016.7597682,3.6684646606445312,6.277289836888332,6.649937264742785,1.0,1.0,1,1,7.277289836888332,0.6273525721455471,6.277289836888332,0,1
14.303397704999952,1788438016.7927313,3.8346328735351562,6.277289836888332,6.649937264742785,0.0,0.0,1,1,7.277289836888332,0.6273525721455471,6.277289836888332,0,1
14.334734332000153,1788438016.8240678,3.741260528564453,6.277289836888332,6.649937264742785,0.0,0.0,1,1,7.277289836888332,0.6273525721455471,6.277289836888332,0,1
14.368743847000587,1788438016.8580775,3.7315826416015625,6.277289836888332,6.649937264742785,1.0,1.0,1,1,7.277289836888332,0.6273525721455471,6.277289836888332,0,1
14.399726215000555,1788438016.88906,3.6288719177246094,6.277289836888332,6.649937264742785,0.0,0.0,1,1,7.277289836888332,0.6273525721455471,6.277289836888332,0,1
14.434154995000426,1788438016.9234889,3.6894149780273438,6.277289836888332,6.649937264742785,1.0,1.0,1,1,7.277289836888332,0.6273525721455471,6.277289836888332,0,1
14.470402918001128,1788438016.9597366,3.7886009216308594,6.277289836888332,6.649937264742785,1.0,1.0,1,1,7.277289836888332,0.6273525721455471,6.277289836888332,0,1
14.504846736999752,1788438016.994181,3.7358016967773438,6.277289836888332,6.649937264742785,0.0,0.0,1,1,7.277289836888332,0.6273525721455471,6.277289836888332,0,1
14.536934481000571,1788438017.0262682,3.7408065795898438,6.277289836888332,6.649937264742785,0.0,0.0,1,1,7.277289836888332,0.6273525721455471,6.277289836888332,0,1
14.572487264000301,1788438017.061821,3.69561767578125,6.277289836888332,6.649937264742785,1.0,1.0,1,1,7.277289836888332,0.6273525721455471,6.277289836888332,0,1
14.607401713999934,1788438017.0967355,3.8826065063476562,6.277289836888332,6.649937264742785,1.0,1.0,1,1,7.277289836888332,0.6273525721455471,6.277289836888332,0,1
14.64045550300034,1788438017.129789,4.034755706787109,6.277289836888332,6.649937264742785,1.0,1.0,1,1,7.277289836888332,0.6273525721455471,6.277289836888332,0,1
14.672453178000069,1788438017.1617868,3.9415855407714844,6.277289836888332,6.649937264742785,0.0,0.0,1,1,7.277289836888332,0.6273525721455471,6.277289836888332,0,1
14.704425256000832,1788438017.193759,3.8486366271972656,6.277289836888332,6.649937264742785,1.0,1.0,1,1,7.277289836888332,0.6273525721455471,6.277289836888332,0,1
14.73873303000073,1788438017.228067,3.996379852294922,6.277289836888332,6.649937264742785,1.0,1.0,1,1,7.277289836888332,0.6273525721455471,6.277289836888332,0,1
14.769352609000634,1788438017.2586863,3.966564178466797,6.277289836888332,6.649937264742785,1.0,1.0,1,1,7.277289836888332,0.6273525721455471,6.277289836888332,0,1
14.803101862000403,1788438017.2924354,3.9259033203125,6.277289836888332,6.649937264742785,0.0,0.0,1,1,7.277289836888332,0.6273525721455471,6.277289836888332,0,1
14.837846972000989,1788438017.3271806,3.8384246826171875,6.277289836888332,6.649937264742785,1.0,1.0,1,1,7.277289836888332,0.6273525721455471,6.277289836888332,0,1
14.869525514999623,1788438017.358859,3.8727951049804688,6.277289836888332,6.649937264742785,1.0,1.0,1,1,7.277289836888332,0.6273525721455471,6.277289836888332,0,1
14.902900168000997,1788438017.3922336,3.94647216796875,6.277289836888332,6.649937264742785,0.0,0.0,1,1,7.277289836888332,0.6273525721455471,6.277289836888332,0,1
14.936722931000986,1788438017.4260566,3.7904510498046875,6.277289836888332,6.649937264742785,0.0,0.0,1,1,7.277289836888332,0.6273525721455471,6.277289836888332,0,1
14.973477812000056,1788438017.4628117,3.7277069091796875,6.277289836888332,6.649937264742785,1.0,1.0,1,1,7.277289836888332,0.6273525721455471,6.277289836888332,0,1
15.00280279800063,1788438017.4921367,3.6414108276367188,6.277289836888332,6.649937264742785,0.0,0.0,1,1,7.277289836888332,0.6273525721455471,6.277289836888332,0,1
15.035882246000256,1788438017.525216,3.5076751708984375,6.277289836888332,6.649937264742785,0.0,0.0,1,1,7.277289836888332,0.6273525721455471,6.277289836888332,0,1
15.068506855001033,1788438017.5578406,3.5017623901367188,6.277289836888332,6.649937264742785,1.0,1.0,1,1,7.277289836888332,0.6273525721455471,6.277289836888332,0,1
15.102989684000931,1788438017.5923233,3.5698013305664062,6.277289836888332,6.649937264742785,1.0,1.0,1,1,7.277289836888332,0.6273525721455471,6.277289836888332,0,1
15.13826656099991,1788438017.6276002,3.4759864807128906,6.277289836888332,6.649937264742785,0.0,0.0,1,1,7.277289836888332,0.6273525721455471,6.277289836888332,0,1
15.172713346999444,1788438017.662047,3.353374481201172,6.277289836888332,6.649937264742785,1.0,1.0,1,1,7.277289836888332,0.6273525721455471,6.277289836888332,0,1
15.206191172001127,1788438017.695525,3.2845497131347656,6.277289836888332,6.649937264742785,0.0,0.0,1,1,7.277289836888332,0.6273525721455471,6.277289836888332,0,1
15.239484996000101,1788438017.7288187,3.424762725830078,6.277289836888332,6.649937264742785,1.0,1.0,1,1,7.277289836888332,0.6273525721455471,6.277289836888332,0,1
15.269765717001064,1788438017.7590995,3.3080787658691406,6.277289836888332,6.649937264742785,1.0,1.0,1,1,7.277289836888332,0.6273525721455471,6.277289836888332,0,1
15.304502324999703,1788438017.793836,3.268115997314453,6.277289836888332,6.649937264742785,0.0,0.0,1,1,7.277289836888332,0.6273525721455471,6.277289836888332,0,1
15.338201595999635,1788438017.8275359,3.346405029296875,6.277289836888332,6.649937264742785,0.0,0.0,1,1,7.277289836888332,0.6273525721455471,6.277289836888332,0,1
15.370480401999885,1788438017.8598144,3.152240753173828,6.277289836888332,6.649937264742785,0.0,0.0,1,1,7.277289836888332,0.6273525721455471,6.277289836888332,0,1
15.403872523000246,1788438017.8932064,3.262042999267578,6.277289836888332,6.649937264742785,1.0,1.0,1,1,7.277289836888332,0.6273525721455471,6.277289836888332,0,1
15.437305319001098,1788438017.926639,3.0264739990234375,6.277289836888332,6.649937264742785,0.0,0.0,1,1,7.277289836888332,0.6273525721455471,6.277289836888332,0,1
15.470719532000658,1788438017.9600532,2.842823028564453,6.277289836888332,6.649937264742785,0.0,0.0,1,1,7.277289836888332,0.6273525721455471,6.277289836888332,0,1
15.505381863000366,1788438017.9947157,2.9035072326660156,6.277289836888332,6.649937264742785,1.0,1.0,1,1,7.277289836888332,0.6273525721455471,6.277289836888332,0,1
15.540108686000167,1788438018.0294423,2.7760963439941406,6.277289836888332,6.649937264742785,1.0,1.0,1,1,7.277289836888332,0.6273525721455471,6.277289836888332,0,1
15.571823594000307,1788438018.0611572,2.5431137084960938,6.277289836888332,6.649937264742785,1.0,1.0,1,1,7.277289836888332,0.6273525721455471,6.277289836888332,0,1
15.607204640000418,1788438018.0965383,2.6163291931152344,6.277289836888332,6.649937264742785,1.0,1.0,1,1,7.277289836888332,0.6273525721455471,6.277289836888332,0,1
15.638877040999432,1788438018.1282108,2.5367813110351562,6.277289836888332,6.649937264742785,1.0,1.0,1,1,7.277289836888332,0.6273525721455471,6.277289836888332,0,1
15.713267909000933,1788438018.2026014,3.2489471435546875,6.277289836888332,6.649937264742785,1.0,1.0,1,1,7.277289836888332,0.6273525721455471,6.277289836888332,0,1
15.728683526000168,1788438018.2180173,3.2347869873046875,6.277289836888332,6.649937264742785,1.0,1.0,1,1,7.277289836888332,0.6273525721455471,6.277289836888332,0,1
15.760649800000465,1788438018.2499835,3.162029266357422,6.277289836888332,6.649937264742785,1.0,1.0,1,1,7.277289836888332,0.6273525721455471,6.277289836888332,0,1
15.791415456000323,1788438018.280749,3.1750221252441406,6.277289836888332,6.649937264742785,0.0,0.0,1,1,7.277289836888332,0.6273525721455471,6.277289836888332,0,1
15.824716576000355,1788438018.3140502,3.2584190368652344,6.277289836888332,6.649937264742785,1.0,1.0,1,1,7.277289836888332,0.6273525721455471,6.277289836888332,0,1
15.858415532000436,1788438018.3477495,3.2692947387695312,6.277289836888332,6.649937264742785,0.0,0.0,1,1,7.277289836888332,0.6273525721455471,6.277289836888332,0,1
15.892493786001069,1788438018.3818276,3.2733535766601562,6.277289836888332,6.649937264742785,1.0,1.0,1,1,7.277289836888332,0.6273525721455471,6.277289836888332,0,1
15.924640838000414,1788438018.4139745,3.2882003784179688,6.277289836888332,6.649937264742785,1.0,1.0,1,1,7.277289836888332,0.6273525721455471,6.277289836888332,0,1
15.959397073000218,1788438018.4487307,3.302440643310547,6.277289836888332,6.649937264742785,1.0,1.0,1,1,7.277289836888332,0.6273525721455471,6.277289836888332,0,1
15.991992158000357,1788438018.4813259,3.31646728515625,6.277289836888332,6.649937264742785,0.0,0.0,1,1,7.277289836888332,0.6273525721455471,6.277289836888332,0,1
16.02523183000085,1788438018.5145657,3.384979248046875,6.277289836888332,6.649937264742785,1.0,1.0,1,1,7.277289836888332,0.6273525721455471,6.277289836888332,0,1
16.059028384001067,1788438018.5483623,3.3689346313476562,6.277289836888332,6.649937264742785,0.0,0.0,1,1,7.277289836888332,0.6273525721455471,6.277289836888332,0,1
16.092002217999834,1788438018.581336,3.4148330688476562,6.277289836888332,6.649937264742785,0.0,0.0,1,1,7.277289836888332,0.6273525721455471,6.277289836888332,0,1
16.125403281001127,1788438018.614737,3.442310333251953,6.277289836888332,6.649937264742785,1.0,1.0,1,1,7.277289836888332,0.6273525721455471,6.277289836888332,0,1
16.15874625499964,1788438018.64808,3.406147003173828,6.277289836888332,6.649937264742785,0.0,0.0,1,1,7.277289836888332,0.6273525721455471,6.277289836888332,0,1
16.19245644700095,1788438018.68179,3.4862518310546875,6.277289836888332,6.649937264742785,0.0,0.0,1,1,7.277289836888332,0.6273525721455471,6.277289836888332,0,1
16.225297574999786,1788438018.714631,3.4449081420898438,6.277289836888332,6.649937264742785,1.0,1.0,1,1,7.277289836888332,0.6273525721455471,6.277289836888332,0,1
16.259214781000992,1788438018.7485483,3.528301239013672,6.277289836888332,6.649937264742785,1.0,1.0,1,1,7.277289836888332,0.6273525721455471,6.277289836888332,0,1
16.292493016000662,1788438018.7818265,3.468456268310547,6.277289836888332,6.649937264742785,0.0,0.0,1,1,7.277289836888332,0.6273525721455471,6.277289836888332,0,1
16.328362678999838,1788438018.8176963,3.5295944213867188,6.277289836888332,6.649937264742785,1.0,1.0,1,1,7.277289836888332,0.6273525721455471,6.277289836888332,0,1
16.36115372399945,1788438018.8504872,3.4783058166503906,6.277289836888332,6.649937264742785,1.0,1.0,1,1,7.277289836888332,0.6273525721455471,6.277289836888332,0,1
16.401494080000703,1788438018.8908281,3.468578338623047,6.277289836888332,6.649937264742785,1.0,1.0,1,1,7.277289836888332,0.6273525721455471,6.277289836888332,0,1
16.429582553000728,1788438018.918916,3.4729957580566406,6.277289836888332,6.649937264742785,1.0,1.0,1,1,7.277289836888332,0.6273525721455471,6.277289836888332,0,1
16.46239189300104,1788438018.9517255,3.4322357177734375,6.277289836888332,6.649937264742785,0.0,0.0,1,1,7.277289836888332,0.6273525721455471,6.277289836888332,0,1
16.496412425000017,1788438018.9857461,3.48748779296875,6.277289836888332,6.649937264742785,1.0,1.0,1,1,7.277289836888332,0.6273525721455471,6.277289836888332,0,1
16.52952389100028,1788438019.0188577,3.4549331665039062,6.277289836888332,6.649937264742785,1.0,1.0,1,1,7.277289836888332,0.6273525721455471,6.277289836888332,0,1
16.560902836999958,1788438019.0502367,3.490955352783203,6.277289836888332,6.649937264742785,0.0,0.0,1,1,7.277289836888332,0.6273525721455471,6.277289836888332,0,1
16.596465820000958,1788438019.0857995,3.4589614868164062,6.277289836888332,6.649937264742785,1.0,1.0,1,1,7.277289836888332,0.6273525721455471,6.277289836888332,0,1
16.629449648000445,1788438019.1187835,3.4005203247070312,6.277289836888332,6.649937264742785,1.0,1.0,1,1,7.277289836888332,0.6273525721455471,6.277289836888332,0,1
16.662381821000963,1788438019.1517155,3.4790611267089844,6.277289836888332,6.649937264742785,1.0,1.0,1,1,7.277289836888332,0.6273525721455471,6.277289836888332,0,1
16.696378667000317,1788438019.1857123,3.4455947875976562,6.277289836888332,6.649937264742785,1.0,1.0,1,1,7.277289836888332,0.6273525721455471,6.277289836888332,0,1
16.7297247660008,1788438019.2190585,3.4846115112304688,6.277289836888332,6.649937264742785,1.0,1.0,1,1,7.277289836888332,0.6273525721455471,6.277289836888332,0,1
16.763712711999688,1788438019.2530465,3.4420433044433594,6.277289836888332,6.649937264742785,1.0,1.0,1,1,7.277289836888332,0.6273525721455471,6.277289836888332,0,1
16.796541523999622,1788438019.2858756,3.424774169921875,6.277289836888332,6.649937264742785,0.0,0.0,1,1,7.277289836888332,0.6273525721455471,6.277289836888332,0,1
16.830603177999365,1788438019.3199372,3.4720230102539062,6.277289836888332,6.649937264742785,0.0,0.0,1,1,7.277289836888332,0.6273525721455471,6.277289836888332,0,1
16.86346527400019,1788438019.352799,3.473979949951172,6.277289836888332,6.649937264742785,0.0,0.0,1,1,7.277289836888332,0.6273525721455471,6.277289836888332,0,1
16.895364770000015,1788438019.3846984,3.4722061157226562,6.277289836888332,6.649937264742785,1.0,1.0,1,1,7.277289836888332,0.6273525721455471,6.277289836888332,0,1
16.931418633001158,1788438019.4207523,3.486644744873047,6.277289836888332,6.649937264742785,0.0,0.0,1,1,7.277289836888332,0.6273525721455471,6.277289836888332,0,1
16.965438835000896,1788438019.4547725,3.4763450622558594,6.277289836888332,6.649937264742785,1.0,1.0,1,1,7.277289836888332,0.6273525721455471,6.277289836888332,0,1
16.996739915000944,1788438019.4860735,3.4976425170898438,6.277289836888332,6.649937264742785,1.0,1.0,1,1,7.277289836888332,0.6273525721455471,6.277289836888332,0,1
17.030425453000134,1788438019.5197594,3.4879989624023438,6.277289836888332,6.649937264742785,1.0,1.0,1,1,7.277289836888332,0.6273525721455471,6.277289836888332,0,1
17.06143741500091,1788438019.5507712,3.4877281188964844,6.277289836888332,6.649937264742785,0.0,0.0,1,1,7.277289836888332,0.6273525721455471,6.277289836888332,0,1
17.095131150999805,1788438019.5844655,3.4972496032714844,6.277289836888332,6.649937264742785,1.0,1.0,1,1,7.277289836888332,0.6273525721455471,6.277289836888332,0,1
17.12884357800067,1788438019.6181772,3.5000572204589844,6.277289836888332,6.649937264742785,1.0,1.0,1,1,7.277289836888332,0.6273525721455471,6.277289836888332,0,1
17.161791896000068,1788438019.6511254,3.4762420654296875,6.277289836888332,6.649937264742785,1.0,1.0,1,1,7.277289836888332,0.6273525721455471,6.277289836888332,0,1
17.19738305899955,1788438019.686717,3.5128440856933594,6.277289836888332,6.649937264742785,1.0,1.0,1,1,7.277289836888332,0.6273525721455471,6.277289836888332,0,1
17.229693735000183,1788438019.7190275,3.4526596069335938,6.277289836888332,6.649937264742785,0.0,0.0,1,1,7.277289836888332,0.6273525721455471,6.277289836888332,0,1
17.263653590000104,1788438019.7529871,3.5524330139160156,6.277289836888332,6.649937264742785,1.0,1.0,1,1,7.277289836888332,0.6273525721455471,6.277289836888332,0,1
17.297127007999734,1788438019.7864606,3.493061065673828,6.277289836888332,6.649937264742785,1.0,1.0,1,1,7.277289836888332,0.6273525721455471,6.277289836888332,0,1
17.332109266999396,1788438019.8214433,3.553394317626953,6.277289836888332,6.649937264742785,0.0,0.0,1,1,7.277289836888332,0.6273525721455471,6.277289836888332,0,1
17.364644565001072,1788438019.8539784,3.5101089477539062,6.277289836888332,6.649937264742785,0.0,0.0,1,1,7.277289836888332,0.6273525721455471,6.277289836888332,0,1
17.396698534999814,1788438019.886032,3.5016250610351562,6.277289836888332,6.649937264742785,1.0,1.0,1,1,7.277289836888332,0.6273525721455471,6.277289836888332,0,1
17.43180455699985,1788438019.9211383,3.5120506286621094,6.277289836888332,6.649937264742785,0.0,0.0,1,1,7.277289836888332,0.6273525721455471,6.277289836888332,0,1
17.464089442999466,1788438019.953423,3.520374298095703,6.277289836888332,6.649937264742785,1.0,1.0,1,1,7.277289836888332,0.6273525721455471,6.277289836888332,0,1
17.497991002001072,1788438019.9873247,3.496135711669922,6.277289836888332,6.649937264742785,0.0,0.0,1,1,7.277289836888332,0.6273525721455471,6.277289836888332,0,1
17.530469489000097,1788438020.019803,3.4702186584472656,6.277289836888332,6.649937264742785,1.0,1.0,1,1,7.277289836888332,0.6273525721455471,6.277289836888332,0,1
