time_s,unix_time,gripper_command,gripper_position,position_error,present_current_raw,abs_current_raw,present_load_raw,abs_load_raw,present_voltage_raw
5.672680323999884,1788435512.6484025,7.7589111328125,10.225846925972396,-2.4669357931598963,0.0,0.0,0.0,0.0,118.0
5.793058036999355,1788435512.7667074,7.638652801513672,8.406524466750314,-0.7678716652366422,0.0,0.0,44.0,44.0,117.0
5.916279921999376,1788435512.8891954,7.495452880859375,7.779171894604768,-0.2837190137453929,0.0,0.0,24.0,24.0,118.0
6.03445993799869,1788435513.0079894,7.515346527099609,7.65370138017566,-0.13835485307605033,1.0,1.0,20.0,20.0,118.0
6.1690617029998975,1788435513.1424131,7.452354431152344,7.590966122961104,-0.13861169180876054,0.0,0.0,24.0,24.0,117.0
6.30165213699911,1788435513.2743726,7.4380035400390625,7.528230865746549,-0.09022732570748637,0.0,0.0,20.0,20.0,117.0
6.4037806489996,1788435513.3766193,7.425144195556641,7.528230865746549,-0.10308667018990825,0.0,0.0,24.0,24.0,118.0
6.534792173999449,1788435513.5075843,7.376045227050781,7.528230865746549,-0.15218563869576762,0.0,0.0,24.0,24.0,118.0
6.6348219309984415,1788435513.607611,7.377910614013672,7.528230865746549,-0.150320251732877,0.0,0.0,20.0,20.0,118.0
6.736738292000155,1788435513.709685,7.366115570068359,7.528230865746549,-0.1621152956781895,1.0,1.0,24.0,24.0,117.0
6.836760073998448,1788435513.8095856,7.457698822021484,7.528230865746549,-0.0705320437250645,0.0,0.0,20.0,20.0,118.0
6.937659041999723,1788435513.9104056,7.935375213623047,7.528230865746549,0.407144347876498,1.0,1.0,1064.0,1064.0,118.0
7.070639361998474,1788435514.0433972,19.479337692260742,9.473023839397742,10.006313852863,7.0,7.0,1304.0,1304.0,117.0
7.171185623999918,1788435514.1466088,36.717742919921875,17.00125470514429,19.716488214777584,5.0,5.0,1508.0,1508.0,117.0
7.271918485999777,1788435514.24474,59.0917854309082,27.289836888331244,31.80194854257696,6.0,6.0,1524.0,1524.0,117.0
7.372106817998429,1788435514.3464038,83.86751556396484,37.7038895859473,46.16362597801754,7.0,7.0,1524.0,1524.0,117.0
7.4754229729987856,1788435514.4482994,92.26309204101562,48.55708908406525,43.70600295695038,7.0,7.0,1524.0,1524.0,117.0
7.604648739999902,1788435514.579002,95.60647583007812,62.2961104140527,33.31036541602543,6.0,6.0,1524.0,1524.0,117.0
7.705643599998439,1788435514.6813166,95.7293930053711,72.83563362609786,22.893759379273234,7.0,7.0,1524.0,1524.0,117.0
7.839140389000022,1788435514.8141382,95.52273559570312,86.70012547051444,8.822610125188689,0.0,0.0,1448.0,1448.0,118.0
7.972785877000206,1788435514.9457462,95.072998046875,93.53826850690088,1.5347295399741228,0.0,0.0,1092.0,1092.0,118.0
8.074652152999988,1788435515.0474167,94.67617797851562,94.3538268506901,0.32235112782552733,0.0,0.0,1052.0,1052.0,118.0
8.174653199999739,1788435515.147287,94.28121948242188,94.4792973651192,-0.1980778826973193,0.0,0.0,36.0,36.0,118.0
8.30948930500017,1788435515.2831056,94.06388854980469,94.3538268506901,-0.28993830088541017,0.0,0.0,36.0,36.0,118.0
8.440889510999114,1788435515.4173093,93.56800842285156,94.22835633626097,-0.6603479134094101,0.0,0.0,44.0,44.0,118.0
8.541639421999207,1788435515.515017,93.56546020507812,93.85194479297365,-0.28648458789552933,0.0,0.0,24.0,24.0,117.0
8.674059379000028,1788435515.6474607,93.26812744140625,93.47553324968632,-0.20740580828007182,0.0,0.0,1056.0,1056.0,117.0
8.774778276998404,1788435515.7480633,93.22749328613281,93.28732747804266,-0.05983419190984307,0.0,0.0,1044.0,1044.0,116.0
8.875172700998519,1788435515.848181,93.23736572265625,93.28732747804266,-0.04996175538640557,0.0,0.0,0.0,0.0,116.0
8.975550453998949,1788435515.948363,93.43250274658203,93.28732747804266,0.14517526853937568,0.0,0.0,0.0,0.0,117.0
9.12434430599933,1788435516.097147,93.80101013183594,93.28732747804266,0.5136826537932819,1.0,1.0,1044.0,1044.0,118.0
9.238077965999764,1788435516.2109075,93.59953308105469,93.28732747804266,0.31220560301203193,0.0,0.0,1052.0,1052.0,117.0
9.341908867998427,1788435516.31475,93.57049560546875,93.35006273525721,0.220432870211539,1.0,1.0,1060.0,1060.0,117.0
9.442491273999622,1788435516.4153755,93.49473571777344,93.35006273525721,0.1446729825162265,0.0,0.0,20.0,20.0,117.0
9.5724072539997,1788435516.5453122,93.37266540527344,93.35006273525721,0.02260267001622651,0.0,0.0,0.0,0.0,117.0
9.674577973999476,1788435516.6473713,93.56597900390625,93.35006273525721,0.215916268649039,0.0,0.0,20.0,20.0,117.0
9.775914211999407,1788435516.7488103,93.58938598632812,93.35006273525721,0.239323251070914,0.0,0.0,1048.0,1048.0,117.0
9.876078667999536,1788435516.8487892,93.78569030761719,93.35006273525721,0.4356275723599765,0.0,0.0,1048.0,1048.0,117.0
10.009355987998788,1788435516.9822304,93.82345581054688,93.53826850690088,0.28518730364599776,0.0,0.0,1064.0,1064.0,117.0
10.110956628999702,1788435517.0836618,94.1142578125,93.72647427854454,0.3877835339554565,1.0,1.0,1072.0,1072.0,117.0
10.243298812998546,1788435517.2161672,94.16136169433594,93.97741530740275,0.18394638693318655,0.0,0.0,1044.0,1044.0,117.0
10.343514055999549,1788435517.3165867,94.22040557861328,93.97741530740275,0.2429902712105303,0.0,0.0,1044.0,1044.0,117.0
10.443663037998704,1788435517.4170678,94.28907775878906,94.04015056461732,0.24892719417174192,0.0,0.0,0.0,0.0,118.0
10.576999539998724,1788435517.54978,94.09806823730469,94.04015056461732,0.05791767268736692,1.0,1.0,1052.0,1052.0,117.0
10.67797985099969,1788435517.6530511,94.16053771972656,94.04015056461732,0.12038715510924192,0.0,0.0,0.0,0.0,118.0
10.778667627999312,1788435517.751918,94.06781005859375,94.04015056461732,0.027659493976429417,0.0,0.0,1048.0,1048.0,117.0
10.911703498999486,1788435517.884368,93.8984375,94.04015056461732,-0.14171306461732058,0.0,0.0,32.0,32.0,118.0
11.012092802999177,1788435517.9850543,93.59463500976562,94.04015056461732,-0.4455155548516956,1.0,1.0,56.0,56.0,118.0
11.146655707998434,1788435518.119294,93.47659301757812,93.72647427854454,-0.2498812609664185,0.0,0.0,40.0,40.0,117.0
11.278948584998943,1788435518.251742,93.21012115478516,93.47553324968632,-0.2654120949011656,0.0,0.0,24.0,24.0,117.0
11.382030297998426,1788435518.3571386,93.26522827148438,93.35006273525721,-0.08483446377283599,1.0,1.0,40.0,40.0,117.0
11.48273478199917,1788435518.4556096,93.61492156982422,93.16185696361356,0.4530646062106598,0.0,0.0,0.0,0.0,117.0
11.613432106998516,1788435518.5862417,92.8875961303711,92.91091593475534,-0.023319804384243525,0.0,0.0,0.0,0.0,118.0
11.71467306500017,1788435518.6873686,92.78730773925781,92.91091593475534,-0.12360819549752478,1.0,1.0,28.0,28.0,117.0
11.818707177999386,1788435518.7914445,92.89697265625,92.91091593475534,-0.013943278505337275,0.0,0.0,1048.0,1048.0,118.0
11.947637513998416,1788435518.9208264,92.92854309082031,92.91091593475534,0.017627156064975225,0.0,0.0,0.0,0.0,118.0
12.047673586999736,1788435519.0209572,92.90074157714844,92.91091593475534,-0.010174357606899775,0.0,0.0,0.0,0.0,118.0
12.148659686999963,1788435519.1212983,93.00958251953125,92.91091593475534,0.09866658477591272,0.0,0.0,1056.0,1056.0,117.0
12.281396888000017,1788435519.254205,93.23409271240234,92.91091593475534,0.3231767776470065,0.0,0.0,1060.0,1060.0,118.0
12.382768949999445,1788435519.3569705,93.37684631347656,92.91091593475534,0.4659303787212252,0.0,0.0,1068.0,1068.0,118.0
12.498914739999236,1788435519.4717276,91.92544555664062,93.2245922208281,-1.2991466641874752,0.0,0.0,1044.0,1044.0,118.0
12.614582284999415,1788435519.5901449,92.26844787597656,92.534504391468,-0.26605651549144227,1.0,1.0,40.0,40.0,118.0
12.715287821998572,1788435519.6880634,92.57344818115234,92.4090338770389,0.16441430411344982,0.0,0.0,1044.0,1044.0,117.0
12.828668184998605,1788435519.801353,92.84423828125,92.4090338770389,0.43520440421110607,0.0,0.0,1048.0,1048.0,118.0
12.948577829998612,1788435519.9213998,93.25177764892578,92.59723964868256,0.6545380002432211,0.0,0.0,1068.0,1068.0,117.0
13.051435278999634,1788435520.0270326,93.4404296875,93.099121706399,0.34130798110099647,0.0,0.0,1052.0,1052.0,117.0
13.185134657998788,1788435520.1579401,93.82966613769531,93.41279799247178,0.4168681452235319,1.0,1.0,1048.0,1048.0,118.0
13.285157446000085,1788435520.2579088,93.7474365234375,93.53826850690088,0.20916801653662276,1.0,1.0,1068.0,1068.0,117.0
13.419256809998842,1788435520.3930619,84.67060852050781,93.60100376411543,-8.93039524360762,5.0,5.0,152.0,152.0,117.0
13.55360933999873,1788435520.526736,61.01625061035156,84.8180677540778,-23.80181714372624,7.0,7.0,500.0,500.0,117.0
13.687038366999332,1788435520.6598244,38.36648178100586,70.51442910915935,-32.14794732815349,7.0,7.0,500.0,500.0,117.0
13.787864975998673,1788435520.761191,17.718355178833008,60.10037641154329,-42.38202123271028,7.0,7.0,500.0,500.0,117.0
13.888594260999525,1788435520.8614955,8.545494079589844,49.43538268506901,-40.889888605479165,8.0,8.0,500.0,500.0,117.0
13.989473907999127,1788435520.962409,5.025543212890625,38.833124215809285,-33.80758100291866,5.0,5.0,500.0,500.0,117.0
14.12158263999845,1788435521.0944605,1.0590171813964844,25.156838143036385,-24.0978209616399,6.0,6.0,500.0,500.0,117.0
14.222745416998805,1788435521.1957815,1.224578857421875,14.617314930991219,-13.392736073569344,7.0,7.0,500.0,500.0,117.0
14.323520166999515,1788435521.2963362,1.2789268493652344,5.646173149309912,-4.367246299944678,0.0,0.0,184.0,184.0,118.0
14.456942311999228,1788435521.4296753,1.8417549133300781,2.697616060225847,-0.8558611468957689,1.0,1.0,60.0,60.0,118.0
14.591649971998777,1788435521.5643697,2.3868255615234375,2.4466750313676284,-0.05984946984419093,0.0,0.0,28.0,28.0,117.0
14.725649541000166,1788435521.6982841,2.8858680725097656,2.5094102885821834,0.3764577839275822,1.0,1.0,1060.0,1060.0,117.0
14.825792509000166,1788435521.7986062,3.109394073486328,2.823086574654956,0.2863074988313721,1.0,1.0,1052.0,1052.0,117.0
14.927746204999494,1788435521.9006581,3.305286407470703,2.9485570890840656,0.3567293183866376,0.0,0.0,1048.0,1048.0,117.0
15.059683380999559,1788435522.0325177,3.557231903076172,3.262233375156838,0.2949985279193337,0.0,0.0,1044.0,1044.0,117.0
15.193008869999176,1788435522.1658003,4.064075469970703,3.5759096612296113,0.48816580874109183,0.0,0.0,1060.0,1060.0,116.0
15.326594045000093,1788435522.3020568,3.747783660888672,4.1405269761606025,-0.3927433152719306,0.0,0.0,28.0,28.0,117.0
15.458899719998954,1788435522.4330509,3.7128448486328125,4.1405269761606025,-0.42768212752779,0.0,0.0,28.0,28.0,116.0
15.559509838998565,1788435522.5330634,3.415863037109375,3.889585947302384,-0.47372291019300894,0.0,0.0,32.0,32.0,117.0
15.662451462998433,1788435522.6353056,2.937000274658203,3.5131744040150563,-0.5761741293568532,1.0,1.0,36.0,36.0,117.0
15.793264602998534,1788435522.766214,2.8949012756347656,3.1994981179422837,-0.30459684230751805,1.0,1.0,36.0,36.0,118.0
15.897725659999196,1788435522.8736794,6.47930908203125,3.1994981179422837,3.2798109640889663,0.0,0.0,1060.0,1060.0,117.0
16.02386038199984,1788435522.9967575,6.331409454345703,5.395232120451694,0.9361773338940091,0.0,0.0,1064.0,1064.0,117.0
16.125783740999395,1788435523.098789,6.269313812255859,5.897114178168131,0.37219963408772827,0.0,0.0,24.0,24.0,118.0
16.257936898999105,1788435523.2307618,6.182880401611328,6.022584692597239,0.16029570901408885,0.0,0.0,1056.0,1056.0,118.0
16.35931247499866,1788435523.3321385,5.965847015380859,6.022584692597239,-0.0567376772163799,0.0,0.0,0.0,0.0,118.0
16.459453735998977,1788435523.432593,5.973579406738281,6.022584692597239,-0.049005285858958025,0.0,0.0,24.0,24.0,118.0
16.59487042099863,1788435523.5678816,5.857601165771484,6.022584692597239,-0.1649835268257549,0.0,0.0,28.0,28.0,118.0
16.727696703999754,1788435523.7010622,5.6631317138671875,5.771643663739021,-0.10851194987183366,0.0,0.0,24.0,24.0,118.0
16.86118742399958,1788435523.835324,5.366268157958984,5.708908406524467,-0.34264024856548225,1.0,1.0,40.0,40.0,118.0
16.972536063000007,1788435523.945358,5.256565093994141,5.583437892095358,-0.32687279810121694,0.0,0.0,28.0,28.0,118.0
17.093666826000117,1788435524.0673888,4.780185699462891,5.3324968632371395,-0.5523111637742488,0.0,0.0,32.0,32.0,117.0
17.198888041999453,1788435524.1717079,4.711521148681641,5.20702634880803,-0.49550520012638977,0.0,0.0,48.0,48.0,118.0
17.330194752999887,1788435524.303241,4.0338592529296875,4.391468005018821,-0.3576087520891331,0.0,0.0,1048.0,1048.0,117.0
17.4614501549986,1788435524.4348133,10.297042846679688,4.265997490589712,6.031045356089976,4.0,4.0,1136.0,1136.0,117.0
17.56290814299973,1788435524.5356774,21.807910919189453,8.531994981179423,13.27591593801003,14.0,14.0,1524.0,1524.0,117.0
17.664884025998617,1788435524.6377366,46.03655242919922,18.88331242158093,27.15324000761829,6.0,6.0,1524.0,1524.0,117.0
17.799669328000164,1788435524.772415,76.94718933105469,32.936010037641154,44.011179293413534,6.0,6.0,1524.0,1524.0,117.0
17.933658500998717,1788435524.9066153,85.81824493408203,46.988707653701375,38.829537280380656,4.0,4.0,1524.0,1524.0,117.0
18.06488866699874,1788435525.0386302,87.32093811035156,60.978670012547056,26.342268097804507,8.0,8.0,1524.0,1524.0,117.0
18.165580524999314,1788435525.1400821,87.940185546875,71.45545796737767,16.48472757949733,7.0,7.0,1524.0,1524.0,117.0
18.265640861000065,1788435525.2388828,87.39707946777344,81.36762860727728,6.029450860496155,0.0,0.0,1308.0,1308.0,118.0
18.398679396999796,1788435525.3714921,87.75520324707031,86.3237139272271,1.4314893198432088,0.0,0.0,1092.0,1092.0,118.0
18.50365752899961,1788435525.4764621,88.33374786376953,87.26474278544542,1.0690050783241105,0.0,0.0,1068.0,1068.0,118.0
31.185208856999452,1788435538.1580765,99.58153533935547,88.08030112923463,11.501234210120842,0.0,0.0,1052.0,1052.0,118.0
31.304562589999477,1788435538.2798963,99.265625,92.4090338770389,6.856591122961106,0.0,0.0,1408.0,1408.0,117.0
31.404766298999675,1788435538.377544,98.1993408203125,96.98870765370138,1.2106331666111174,3.0,3.0,1112.0,1112.0,117.0
31.507342803999563,1788435538.480324,97.56111145019531,96.98870765370138,0.5724037964939299,1.0,1.0,1068.0,1068.0,118.0
31.639098091998676,1788435538.6118786,97.19876098632812,96.98870765370138,0.21005333262674242,0.0,0.0,0.0,0.0,118.0
31.74088186699919,1788435538.7137258,97.04467010498047,96.98870765370138,0.05596245127908617,0.0,0.0,1044.0,1044.0,118.0
31.87067303799995,1788435538.843436,97.17720031738281,96.98870765370138,0.18849266368142992,0.0,0.0,1056.0,1056.0,117.0
32.00669561799987,1788435538.9794264,97.5003662109375,96.98870765370138,0.5116585572361174,1.0,1.0,1076.0,1076.0,117.0
32.13702747499883,1788435539.109764,98.16911315917969,96.98870765370138,1.180405505478305,3.0,3.0,1104.0,1104.0,116.0
32.23793545499939,1788435539.2131734,97.63888549804688,96.98870765370138,0.6501778443454924,1.0,1.0,1072.0,1072.0,116.0
32.33930718699958,1788435539.3120809,97.28083801269531,96.98870765370138,0.2921303589939299,0.0,0.0,1052.0,1052.0,117.0
32.439558180998574,1788435539.4125872,97.18630981445312,96.92597239648683,0.26033741796629783,0.0,0.0,24.0,24.0,117.0
32.57442022599935,1788435539.547362,96.85334014892578,96.73776662484316,0.11557352408262034,0.0,0.0,1044.0,1044.0,117.0
32.674916654999834,1788435539.6477141,96.72518920898438,96.6750313676286,0.050157841355769506,0.0,0.0,28.0,28.0,117.0
32.80583946899969,1788435539.7789047,96.63467407226562,96.6750313676286,-0.040357295362980494,0.0,0.0,24.0,24.0,117.0
32.90768788999958,1788435539.8820279,96.59732818603516,96.61229611041405,-0.014967924378893827,0.0,0.0,20.0,20.0,117.0
33.03809275099957,1788435540.0109115,96.50263977050781,96.61229611041405,-0.10965633990623758,0.0,0.0,0.0,0.0,118.0
33.139351010999235,1788435540.1128979,96.37201690673828,96.61229611041405,-0.24027920367576883,0.0,0.0,28.0,28.0,117.0
33.24109519599915,1788435540.2150815,96.55445098876953,96.48682559598495,0.0676253927845778,0.0,0.0,0.0,0.0,117.0
33.37533471499955,1788435540.3481505,96.56436920166016,96.48682559598495,0.0775436056752028,0.0,0.0,1044.0,1044.0,117.0
33.47684009399927,1788435540.4498153,96.49073791503906,96.48682559598495,0.003912319054109048,0.0,0.0,20.0,20.0,118.0
33.57982750699921,1788435540.5527604,96.65707397460938,96.48682559598495,0.17024837862442155,0.0,0.0,0.0,0.0,117.0
33.70894981899983,1788435540.681877,96.5271224975586,96.48682559598495,0.0402969015736403,0.0,0.0,0.0,0.0,118.0
33.84446181000021,1788435540.8173811,96.3814926147461,96.48682559598495,-0.1053329812388597,1.0,1.0,1044.0,1044.0,118.0
33.94468192899876,1788435540.9174147,96.26776123046875,96.48682559598495,-0.21906436551620345,0.0,0.0,24.0,24.0,118.0
34.07603955899867,1788435541.0488613,96.44651794433594,96.48682559598495,-0.04030765164901595,0.0,0.0,24.0,24.0,117.0
34.1783318329999,1788435541.1510744,97.05227661132812,96.48682559598495,0.5654510153431715,1.0,1.0,1076.0,1076.0,117.0
34.31194444999892,1788435541.2847106,97.6590576171875,96.61229611041405,1.04676150677345,1.0,1.0,1080.0,1080.0,117.0
34.41221873199902,1788435541.3850632,97.92044830322266,96.80050188205772,1.11994642116494,2.0,2.0,1096.0,1096.0,117.0
34.55900790299893,1788435541.5320694,94.89677429199219,96.92597239648683,-2.0291981044946397,3.0,3.0,1100.0,1100.0,117.0
34.67497813099908,1788435541.6479466,94.81448364257812,95.48306148055207,-0.6685778379739418,0.0,0.0,24.0,24.0,117.0
34.775652678999904,1788435541.748413,94.98037719726562,95.16938519447929,-0.18900799721366468,0.0,0.0,32.0,32.0,118.0
34.908673832000204,1788435541.8822029,95.04191589355469,95.10664993726475,-0.06473404371006097,0.0,0.0,24.0,24.0,117.0
35.0425512769998,1788435542.0154288,95.17202758789062,95.10664993726475,0.06537765062587653,0.0,0.0,0.0,0.0,117.0
35.14293275599994,1788435542.1170745,95.23712921142578,95.10664993726475,0.13047927416103278,0.0,0.0,1044.0,1044.0,117.0
35.24374545699902,1788435542.217303,95.40191650390625,95.10664993726475,0.2952665666415015,0.0,0.0,1052.0,1052.0,117.0
35.34668212899851,1788435542.3193789,95.43959045410156,95.10664993726475,0.332940516836814,1.0,1.0,1060.0,1060.0,118.0
35.47656931900019,1788435542.4495568,95.70571899414062,95.10664993726475,0.5990690568758765,0.0,0.0,1076.0,1076.0,117.0
35.5822824679999,1788435542.5551188,95.85316467285156,95.29485570890841,0.5583089639431478,1.0,1.0,1056.0,1056.0,117.0
35.71126161199936,1788435542.6840708,96.02841186523438,95.35759096612296,0.6708208991114191,1.0,1.0,1072.0,1072.0,117.0
35.813891738000166,1788435542.7867265,96.12788391113281,95.60853199498118,0.5193519161516349,0.0,0.0,1060.0,1060.0,117.0
35.94474351699864,1788435542.917935,94.90594482421875,95.60853199498118,-0.7025871707624276,2.0,2.0,68.0,68.0,117.0
36.04513934999886,1788435543.0179873,81.11729431152344,94.85570890840653,-13.73841459688309,5.0,5.0,200.0,200.0,117.0
36.146062095998786,1788435543.1188958,70.69358825683594,87.8293601003764,-17.135771843540468,6.0,6.0,500.0,500.0,117.0
36.24616210199929,1788435543.220114,45.777496337890625,77.35257214554579,-31.575075807655168,7.0,7.0,500.0,500.0,117.0
36.34716785599994,1788435543.320062,34.821372985839844,66.68757841907151,-31.86620543323167,7.0,7.0,500.0,500.0,117.0
36.47922621899852,1788435543.4523642,15.250785827636719,52.7603513174404,-37.509565489803684,8.0,8.0,500.0,500.0,117.0
36.58080010999947,1788435543.553637,9.642326354980469,42.15809284818068,-32.51576649320021,8.0,8.0,500.0,500.0,117.0
36.71539904299971,1788435543.68815,1.6640396118164062,28.16813048933501,-26.504090877518603,5.0,5.0,500.0,500.0,117.0
36.84788246899916,1788435543.820811,1.6876182556152344,14.93099121706399,-13.243372961448756,9.0,9.0,500.0,500.0,117.0
36.98118449299909,1788435543.954078,1.9270744323730469,4.893350062735257,-2.96627563036221,2.0,2.0,152.0,152.0,117.0
37.11616022899943,1788435544.0891643,2.210491180419922,3.262233375156838,-1.0517421947369163,3.0,3.0,72.0,72.0,117.0
37.249586934000035,1788435544.2223651,2.5538368225097656,3.262233375156838,-0.7083965526470726,2.0,2.0,68.0,68.0,117.0
37.350470151999616,1788435544.3251946,2.9155006408691406,3.262233375156838,-0.3467327342876976,1.0,1.0,52.0,52.0,117.0
37.45087287499882,1788435544.4237547,3.4049301147460938,3.262233375156838,0.14269673958925555,0.0,0.0,28.0,28.0,117.0
37.55264997499944,1788435544.5252793,4.040351867675781,3.5759096612296113,0.46444220644616996,0.0,0.0,1064.0,1064.0,117.0
37.656433449999895,1788435544.629481,4.378841400146484,4.0150564617314926,0.3637849384149918,0.0,0.0,1044.0,1044.0,117.0
37.78476295600012,1788435544.7579417,4.8439788818359375,4.391468005018821,0.4525108768171169,0.0,0.0,1056.0,1056.0,117.0
37.932411095000134,1788435544.905205,2.791515350341797,4.705144291091593,-1.9136289407497964,0.0,0.0,1044.0,1044.0,117.0
38.0497567099992,1788435545.0225968,2.9223480224609375,3.5759096612296113,-0.6535616387686738,0.0,0.0,36.0,36.0,116.0
38.150237746998755,1788435545.1239793,2.972217559814453,3.3249686323713923,-0.35275107255693916,1.0,1.0,40.0,40.0,117.0
38.283098163999966,1788435545.2579832,3.2619285583496094,3.1994981179422837,0.062430440407325705,0.0,0.0,24.0,24.0,117.0
38.38356284099973,1788435545.3564663,3.0583763122558594,3.1994981179422837,-0.1411218056864243,0.0,0.0,1044.0,1044.0,117.0
38.48558817399862,1788435545.458613,2.8906173706054688,3.1994981179422837,-0.3088807473368149,0.0,0.0,28.0,28.0,117.0
38.61807853499886,1788435545.5908918,2.5362510681152344,3.136762860727729,-0.6005117926124948,1.0,1.0,48.0,48.0,117.0
38.75250697699994,1788435545.7274275,2.5277557373046875,2.9485570890840656,-0.42080135177937805,1.0,1.0,44.0,44.0,117.0
38.85364078800012,1788435545.826367,2.6567611694335938,2.9485570890840656,-0.2917959196504718,0.0,0.0,48.0,48.0,117.0
38.98443092799971,1788435545.9573035,2.809490203857422,2.823086574654956,-0.013596370797534174,0.0,0.0,20.0,20.0,117.0
39.12005111899998,1788435546.0928032,3.0507354736328125,2.823086574654956,0.22764889897785645,0.0,0.0,1044.0,1044.0,116.0
39.220526952998625,1788435546.193295,3.033489227294922,2.823086574654956,0.21040265263996583,0.0,0.0,24.0,24.0,117.0
39.3498245539995,1788435546.3240952,3.069171905517578,2.9485570890840656,0.12061481643351257,0.0,0.0,1048.0,1048.0,117.0
39.453748576999715,1788435546.4266202,3.215015411376953,2.9485570890840656,0.2664583222928876,0.0,0.0,1044.0,1044.0,117.0
39.58613546899869,1788435546.5588975,3.4114723205566406,2.9485570890840656,0.4629152314725751,1.0,1.0,1052.0,1052.0,117.0
39.6866516959999,1788435546.6610858,3.5598526000976562,3.1994981179422837,0.3603544821553726,0.0,0.0,1048.0,1048.0,118.0
39.82667310099896,1788435546.8020823,3.8565902709960938,3.5131744040150563,0.34341586698103743,0.0,0.0,1044.0,1044.0,118.0
39.95289602199955,1788435546.9261935,4.0791778564453125,3.7013801756587204,0.37779768078659215,0.0,0.0,0.0,0.0,118.0
42.33975714999906,1788435549.312505,6.094905853271484,3.889585947302384,2.2053199059691004,0.0,0.0,1048.0,1048.0,118.0
42.4565682479988,1788435549.4294894,6.015872955322266,5.20702634880803,0.8088466065142352,0.0,0.0,1064.0,1064.0,118.0
42.591078896999534,1788435549.5640855,5.9944610595703125,5.771643663739021,0.22281739583129134,0.0,0.0,1044.0,1044.0,118.0
42.69245136999962,1788435549.6653106,5.9246063232421875,5.771643663739021,0.15296265950316634,0.0,0.0,0.0,0.0,118.0
42.7927288969986,1788435549.7673748,5.820579528808594,5.771643663739021,0.04893586506957259,0.0,0.0,20.0,20.0,118.0
42.92354218899891,1788435549.8980725,5.768547058105469,5.771643663739021,-0.0030966056335524073,0.0,0.0,0.0,0.0,118.0
43.028650820999246,1788435550.0012848,5.6418304443359375,5.771643663739021,-0.12981321940308366,0.0,0.0,0.0,0.0,118.0
43.16252260799956,1788435550.1371384,5.474231719970703,5.708908406524467,-0.2346766865537635,0.0,0.0,24.0,24.0,117.0
43.29557772499902,1788435550.2710617,5.435871124267578,5.708908406524467,-0.2730372822568885,1.0,1.0,32.0,32.0,118.0
43.42465275599898,1788435550.3980935,5.321083068847656,5.520702634880803,-0.1996195660331468,1.0,1.0,28.0,28.0,118.0
43.53105030699953,1788435550.5047157,5.214908599853516,5.520702634880803,-0.3057940350272874,0.0,0.0,32.0,32.0,118.0
43.65909719799856,1788435550.6318467,5.0302734375,5.269761606022585,-0.23948816852258492,0.0,0.0,36.0,36.0,118.0
43.760555127999396,1788435550.7336333,4.8331756591796875,5.144291091593475,-0.3111154324137875,0.0,0.0,64.0,64.0,118.0
43.86168783099856,1788435550.8344913,4.523384094238281,4.893350062735257,-0.3699659684969756,0.0,0.0,1044.0,1044.0,117.0
43.963830249998864,1788435550.9393463,4.4770050048828125,4.642409033877039,-0.16540402899422624,0.0,0.0,24.0,24.0,118.0
44.09381875999861,1788435551.06703,4.200836181640625,4.642409033877039,-0.44157285223641374,1.0,1.0,20.0,20.0,118.0
44.19466188200022,1788435551.1673827,5.098636627197266,4.391468005018821,0.707168622178445,0.0,0.0,36.0,36.0,117.0
44.29474895800013,1788435551.2681284,11.55246353149414,4.391468005018821,7.16099552647532,1.0,1.0,1092.0,1092.0,118.0
44.42972480099888,1788435551.4024768,32.63430404663086,12.358845671267252,20.275458375363606,10.0,10.0,1524.0,1524.0,117.0
44.561628006998944,1788435551.534366,73.7816162109375,26.097867001254706,47.683749209682794,6.0,6.0,1524.0,1524.0,117.0
44.663130015000206,1788435551.6358418,88.66546630859375,36.70012547051443,51.96534083807932,7.0,7.0,1524.0,1524.0,117.0
44.794380083998476,1788435551.7691536,91.79786682128906,50.439146800501874,41.35872002078719,5.0,5.0,1524.0,1524.0,117.0
44.89683771199998,1788435551.8721495,92.35633087158203,61.22961104140528,31.126719830176754,7.0,7.0,1524.0,1524.0,117.0
44.9993493919992,1788435551.9721491,92.47114562988281,71.95734002509411,20.5138056047887,7.0,7.0,1524.0,1524.0,117.0
45.132387925999865,1788435552.105328,92.77786254882812,85.69636135508155,7.0815011937465755,0.0,0.0,1340.0,1340.0,118.0
45.26969151399862,1788435552.2423656,92.86428833007812,91.40526976160602,1.4590185684721035,0.0,0.0,1104.0,1104.0,118.0
45.40189423699849,1788435552.3746324,93.03096008300781,92.59723964868256,0.4337204343252523,0.0,0.0,1052.0,1052.0,118.0
45.53106723400015,1788435552.5038886,93.55329895019531,93.03638644918443,0.5169125010108786,0.0,0.0,1048.0,1048.0,118.0
45.63170693399843,1788435552.6083393,94.06285095214844,93.53826850690088,0.5245824452475603,0.0,0.0,1048.0,1048.0,118.0
45.76545029499903,1788435552.7380693,98.01018524169922,94.10288582183188,3.9072994198673427,7.0,7.0,1240.0,1240.0,116.0
45.89531049099969,1788435552.8686728,97.4060287475586,96.6750313676286,0.7309973799299883,0.0,0.0,1064.0,1064.0,117.0
45.99668484999893,1788435552.9709442,97.01498413085938,96.6750313676286,0.3399527632307695,0.0,0.0,1048.0,1048.0,118.0
46.100663858998814,1788435553.0734887,96.91606140136719,96.6750313676286,0.241030033738582,1.0,1.0,1052.0,1052.0,118.0
46.22988817299847,1788435553.202736,97.01558685302734,96.61229611041405,0.4032907426132937,0.0,0.0,0.0,0.0,117.0
46.36384638399977,1788435553.336516,97.79780578613281,96.6750313676286,1.122774418504207,2.0,2.0,1084.0,1084.0,116.0
46.497520943999916,1788435553.4703288,98.18824768066406,96.98870765370138,1.19954002696268,2.0,2.0,1080.0,1080.0,116.0
46.60708421399977,1788435553.5829973,97.51207733154297,96.98870765370138,0.5233696778415862,2.0,2.0,1092.0,1092.0,117.0
46.74009855799886,1788435553.7163444,97.41133117675781,96.98870765370138,0.4226235230564299,0.0,0.0,1048.0,1048.0,117.0
46.86864183199941,1788435553.8425305,97.201416015625,96.92597239648683,0.27544361913817283,1.0,1.0,1064.0,1064.0,118.0
47.00107549299901,1788435553.9740777,97.30329895019531,96.92597239648683,0.37732655370848533,0.0,0.0,1060.0,1060.0,117.0
47.10437845599881,1788435554.079867,97.37525939941406,96.92597239648683,0.44928700292723533,1.0,1.0,1060.0,1060.0,117.0
47.23477077899952,1788435554.2092688,97.282958984375,96.92597239648683,0.35698658788817283,1.0,1.0,1068.0,1068.0,118.0
47.34005445099865,1788435554.3146362,97.43643951416016,96.92597239648683,0.5104671176733291,1.0,1.0,1064.0,1064.0,117.0
47.473397887999454,1788435554.446424,97.55049133300781,96.92597239648683,0.6245189365209853,1.0,1.0,1076.0,1076.0,118.0
47.60467858299853,1788435554.5774562,97.64855194091797,96.92597239648683,0.7225795444311416,2.0,2.0,1080.0,1080.0,117.0
47.73758654199992,1788435554.710536,97.78727722167969,96.92597239648683,0.8613048251928603,2.0,2.0,1076.0,1076.0,118.0
47.838135157999204,1788435554.8109155,97.7383804321289,96.92597239648683,0.8124080356420791,2.0,2.0,1096.0,1096.0,118.0
47.971817395999096,1788435554.9446323,98.01179504394531,96.98870765370138,1.02308739024393,2.0,2.0,1096.0,1096.0,118.0
48.10486331299944,1788435555.0790365,97.92721557617188,96.98870765370138,0.9385079224704924,2.0,2.0,1088.0,1088.0,118.0
48.208382353999696,1788435555.1817286,97.66242980957031,96.98870765370138,0.6737221558689299,2.0,2.0,1084.0,1084.0,118.0
48.33869076599876,1788435555.3121808,97.343505859375,96.98870765370138,0.3547982056736174,0.0,0.0,20.0,20.0,117.0
48.44109709699842,1788435555.4144175,97.31473541259766,96.98870765370138,0.32602775889627367,1.0,1.0,1068.0,1068.0,118.0
48.57430286399904,1788435555.5471137,97.21328735351562,96.92597239648683,0.28731495702879783,1.0,1.0,1060.0,1060.0,118.0
48.70645503999913,1788435555.6793668,96.74659729003906,96.86323713927227,-0.11663984923320925,1.0,1.0,1048.0,1048.0,118.0
48.80816923800012,1788435555.7809362,96.31556701660156,96.48682559598495,-0.17125857938339095,0.0,0.0,0.0,0.0,118.0
48.94047060899902,1788435555.913335,94.94071960449219,95.98494353826851,-1.0442239337763226,1.0,1.0,64.0,64.0,117.0
49.090507539998725,1788435556.0633311,95.01251220703125,95.16938519447929,-0.15687298744803968,0.0,0.0,28.0,28.0,117.0
49.208461910999176,1788435556.1817412,95.15771484375,95.10664993726475,0.05106490648525153,0.0,0.0,0.0,0.0,118.0
49.34224918600012,1788435556.3154578,95.68386840820312,95.10664993726475,0.5772184709383765,1.0,1.0,1064.0,1064.0,117.0
49.47504423600003,1788435556.448223,96.15681457519531,95.35759096612296,0.7992236090723566,0.0,0.0,1060.0,1060.0,117.0
49.57668704999924,1788435556.5493748,96.38442993164062,95.73400250941029,0.6504274222303366,0.0,0.0,1056.0,1056.0,117.0
49.676767406999716,1788435556.6498466,96.6224365234375,95.8594730238394,0.7629634995981007,1.0,1.0,1084.0,1084.0,117.0
49.80896846499854,1788435556.7837808,96.66473388671875,95.98494353826851,0.6797903484502399,2.0,2.0,1076.0,1076.0,117.0
49.91004837199944,1788435556.8828936,96.67079162597656,95.98494353826851,0.6858480877080524,1.0,1.0,1080.0,1080.0,117.0
50.01269072099967,1788435556.9860725,96.59329986572266,96.04767879548307,0.5456210702395907,0.0,0.0,1068.0,1068.0,117.0
50.143754658000034,1788435557.116773,96.33587646484375,96.04767879548307,0.28819766936068447,0.0,0.0,1048.0,1048.0,118.0
50.2443914939995,1788435557.2180688,95.50028991699219,96.04767879548307,-0.547388878490878,0.0,0.0,44.0,44.0,118.0
50.37564898099845,1788435557.349305,94.85291290283203,95.48306148055207,-0.6301485777200355,2.0,2.0,84.0,84.0,117.0
50.48468752199915,1788435557.4579473,94.0616683959961,94.66750313676286,-0.6058347407667668,2.0,2.0,132.0,132.0,118.0
50.61367176299973,1788435557.5880744,89.2230224609375,93.2245922208281,-4.0015697598906,4.0,4.0,232.0,232.0,117.0
50.74284366499887,1788435557.7156308,82.5111312866211,89.39774153074028,-6.886610244119183,7.0,7.0,252.0,252.0,117.0
50.84612322199973,1788435557.8189478,76.97157287597656,83.12421580928482,-6.1526429333082575,0.0,0.0,356.0,356.0,118.0
50.980256877999636,1788435557.9541543,62.47016906738281,74.65495608531995,-12.18478701793714,10.0,10.0,396.0,396.0,117.0
51.112974759998906,1788435558.0864246,45.58145523071289,61.794228356336255,-16.212773125623364,7.0,7.0,500.0,500.0,117.0
51.213210043999425,1788435558.1862514,33.62792205810547,51.12923462986198,-17.501312571756515,6.0,6.0,500.0,500.0,117.0
51.31487240599927,1788435558.2877595,23.38678550720215,40.40150564617315,-17.014720138971,7.0,7.0,500.0,500.0,117.0
51.44704674999957,1788435558.4220603,12.985206604003906,26.787954830614808,-13.802748226610902,4.0,4.0,500.0,500.0,116.0
51.583703982998486,1788435558.5566027,4.953609466552734,12.923462986198246,-7.969853519645511,0.0,0.0,400.0,400.0,118.0
51.71619146299963,1788435558.68997,1.6812286376953125,5.646173149309912,-3.9649445116145996,11.0,11.0,228.0,228.0,117.0
51.84865848799927,1788435558.821787,1.4771995544433594,4.767879548306149,-3.2906799938627893,21.0,21.0,220.0,220.0,116.0
51.98198855499868,1788435558.9547563,1.8002777099609375,4.767879548306149,-2.967601838345211,24.0,24.0,208.0,208.0,117.0
52.118393564000144,1788435559.0913181,2.2591896057128906,4.767879548306149,-2.508689942593258,18.0,18.0,172.0,172.0,117.0
52.21862838499874,1788435559.1914215,2.8109092712402344,4.767879548306149,-1.9569702770659143,11.0,11.0,144.0,144.0,117.0
52.34976497199932,1788435559.3226452,3.4721145629882812,4.767879548306149,-1.2957649853178674,4.0,4.0,100.0,100.0,117.0
52.464351462000195,1788435559.4370635,1.4710273742675781,4.767879548306149,-3.2968521740385706,4.0,4.0,92.0,92.0,117.0
52.58106443399993,1788435559.5548258,2.0783729553222656,4.51693851944793,-2.438565564125664,17.0,17.0,172.0,172.0,116.0
52.68178549499862,1788435559.6548176,2.444427490234375,4.51693851944793,-2.0725110292135547,11.0,11.0,164.0,164.0,117.0
52.813908832999005,1788435559.7868984,2.632732391357422,4.51693851944793,-1.8842061280905078,9.0,9.0,136.0,136.0,116.0
52.95031642499998,1788435559.9232094,2.5833587646484375,4.51693851944793,-1.9335797547994922,8.0,8.0,136.0,136.0,116.0
53.08322629399845,1788435560.055848,2.6522598266601562,4.51693851944793,-1.8646786927877734,6.0,6.0,120.0,120.0,116.0
53.18345961100022,1788435560.1564367,2.5686187744140625,4.51693851944793,-1.9483197450338672,8.0,8.0,144.0,144.0,117.0
53.2849088160001,1788435560.2586722,2.4369468688964844,4.51693851944793,-2.0799916505514453,8.0,8.0,140.0,140.0,117.0
53.38566818799882,1788435560.358451,2.586742401123047,4.51693851944793,-1.9301961183248828,9.0,9.0,132.0,132.0,116.0
53.48625967999942,1788435560.459128,2.7508773803710938,4.51693851944793,-1.766061139076836,7.0,7.0,124.0,124.0,116.0
53.61915872899954,1788435560.593333,2.9898605346679688,4.51693851944793,-1.527077984779961,6.0,6.0,112.0,112.0,117.0
53.719606023998494,1788435560.6925592,3.0643272399902344,4.51693851944793,-1.4526112794576953,6.0,6.0,112.0,112.0,117.0
53.85382175799896,1788435560.8283746,3.2840614318847656,4.51693851944793,-1.232877087563164,5.0,5.0,104.0,104.0,117.0
53.98627340099847,1788435560.9592953,3.4502105712890625,4.51693851944793,-1.0667279481588672,3.0,3.0,80.0,80.0,117.0
54.088052724999216,1788435561.060868,3.523784637451172,4.51693851944793,-0.9931538819967578,3.0,3.0,76.0,76.0,118.0
54.188718318999236,1788435561.1622238,3.6042747497558594,4.51693851944793,-0.9126637696920703,3.0,3.0,72.0,72.0,117.0
54.32254983999883,1788435561.297123,3.7951087951660156,4.51693851944793,-0.721829724281914,2.0,2.0,56.0,56.0,118.0
54.45465761499872,1788435561.4273884,3.864757537841797,4.51693851944793,-0.6521809816061328,1.0,1.0,56.0,56.0,118.0
54.58746376599993,1788435561.5603404,3.8449058532714844,4.51693851944793,-0.6720326661764453,2.0,2.0,56.0,56.0,118.0
54.68795246099944,1788435561.6609836,3.635265350341797,4.51693851944793,-0.8816731691061328,3.0,3.0,84.0,84.0,117.0
54.78907025599983,1788435561.7651556,3.485271453857422,4.51693851944793,-1.0316670655905078,4.0,4.0,84.0,84.0,118.0
54.92281026799901,1788435561.8958468,3.406017303466797,4.51693851944793,-1.1109212159811328,2.0,2.0,76.0,76.0,118.0
55.02650524599994,1788435561.9993024,3.366840362548828,4.51693851944793,-1.1500981568991016,3.0,3.0,92.0,92.0,117.0
55.15753337699971,1788435562.1307228,3.2683639526367188,4.51693851944793,-1.248574566811211,4.0,4.0,92.0,92.0,117.0
55.2924942919999,1788435562.2653887,3.2241287231445312,4.51693851944793,-1.2928097963033984,4.0,4.0,96.0,96.0,117.0
55.42483571899902,1788435562.3980758,3.180988311767578,4.51693851944793,-1.3359502076803516,4.0,4.0,96.0,96.0,117.0
55.5252920039984,1788435562.4980884,3.18414306640625,4.51693851944793,-1.3327954530416797,4.0,4.0,100.0,100.0,118.0
55.62651265099885,1788435562.5993695,3.1482887268066406,4.51693851944793,-1.368649792641289,4.0,4.0,100.0,100.0,117.0
55.75748263499918,1788435562.731189,3.1257705688476562,4.51693851944793,-1.3911679506002734,4.0,4.0,100.0,100.0,117.0
55.88802081799986,1788435562.863929,2.783618927001953,4.51693851944793,-1.7333195924459766,8.0,8.0,124.0,124.0,117.0
55.988218576998406,1788435562.9636354,2.8463821411132812,4.51693851944793,-1.6705563783346484,7.0,7.0,116.0,116.0,117.0
56.08926309599883,1788435563.0647647,2.936511993408203,4.51693851944793,-1.5804265260397266,7.0,7.0,124.0,124.0,118.0
56.190670046999,1788435563.163336,2.8132362365722656,4.51693851944793,-1.703702282875664,6.0,6.0,116.0,116.0,116.0
56.290776875999654,1788435563.2654805,2.8451805114746094,4.51693851944793,-1.6717580079733203,0.0,0.0,116.0,116.0,117.0
56.3911221519993,1788435563.3644028,2.8185958862304688,4.51693851944793,-1.698342633217461,6.0,6.0,124.0,124.0,117.0
56.525683823998406,1788435563.49843,2.7614059448242188,4.51693851944793,-1.755532574623711,8.0,8.0,124.0,124.0,117.0
56.62571504599873,1788435563.5986145,2.778766632080078,4.51693851944793,-1.7381718873678516,10.0,10.0,128.0,128.0,117.0
56.75704550499904,1788435563.729869,2.7498741149902344,4.51693851944793,-1.7670644044576953,7.0,7.0,128.0,128.0,117.0
56.857178602000204,1788435563.8298976,2.7877273559570312,4.51693851944793,-1.7292111634908984,6.0,6.0,124.0,124.0,118.0
56.957935131998966,1788435563.9317997,2.7629241943359375,4.51693851944793,-1.7540143251119922,9.0,9.0,128.0,128.0,117.0
57.058479604998865,1788435564.0331125,2.7845077514648438,4.51693851944793,-1.732430767983086,8.0,8.0,124.0,124.0,117.0
57.15918977000001,1788435564.131978,2.7598228454589844,4.51693851944793,-1.7571156739889453,9.0,9.0,128.0,128.0,117.0
57.260990370999934,1788435564.2358057,2.767669677734375,4.51693851944793,-1.7492688417135547,7.0,7.0,124.0,124.0,118.0
57.39244460699956,1788435564.3653052,2.820659637451172,4.51693851944793,-1.6962788819967578,8.0,8.0,128.0,128.0,117.0
57.49696593599947,1788435564.4704652,2.7936935424804688,4.51693851944793,-1.723244976967461,6.0,6.0,120.0,120.0,117.0
57.62845996899887,1788435564.6021223,2.8214035034179688,4.51693851944793,-1.695535016029961,8.0,8.0,124.0,124.0,118.0
57.72879060299965,1788435564.7025428,2.7821083068847656,4.51693851944793,-1.734830212563164,7.0,7.0,124.0,124.0,117.0
57.832471824000095,1788435564.8051515,2.8544540405273438,4.51693851944793,-1.662484478920586,7.0,7.0,120.0,120.0,117.0
57.963030790999255,1788435564.938067,2.8918914794921875,4.51693851944793,-1.6250470399557422,7.0,7.0,120.0,120.0,117.0
58.09633538199887,1788435565.0690966,2.886791229248047,4.51693851944793,-1.6301472901998828,7.0,7.0,128.0,128.0,117.0
58.19745470499947,1788435565.1706798,2.7917823791503906,4.51693851944793,-1.725156140297539,6.0,6.0,120.0,120.0,118.0
58.29811334099941,1788435565.2710695,2.8687782287597656,4.51693851944793,-1.648160290688164,7.0,7.0,112.0,112.0,117.0
58.43041597699994,1788435565.404057,2.8846282958984375,4.51693851944793,-1.6323102235494922,7.0,7.0,120.0,120.0,117.0
58.53512809899985,1788435565.507772,2.8857994079589844,4.51693851944793,-1.6311391114889453,6.0,6.0,124.0,124.0,117.0
58.66579662799995,1788435565.6386762,2.875446319580078,4.51693851944793,-1.6414921998678516,6.0,6.0,120.0,120.0,117.0
58.76821751699936,1788435565.7408602,2.82855224609375,4.51693851944793,-1.6883862733541797,8.0,8.0,124.0,124.0,117.0
58.90165911499935,1788435565.8743792,2.817352294921875,4.51693851944793,-1.6995862245260547,7.0,7.0,124.0,124.0,117.0
59.0324607120001,1788435566.0059946,2.7807693481445312,4.51693851944793,-1.7361691713033984,7.0,7.0,124.0,124.0,117.0
59.132826058999854,1788435566.1054835,2.6968231201171875,4.51693851944793,-1.8201153993307422,9.0,9.0,132.0,132.0,117.0
59.24665638099941,1788435566.219643,2.9045639038085938,4.51693851944793,-1.612374615639336,7.0,7.0,112.0,112.0,117.0
59.369405706998805,1788435566.3422198,2.9395484924316406,4.51693851944793,-1.577390027016289,5.0,5.0,108.0,108.0,117.0
59.47038666899971,1788435566.443215,3.0104637145996094,4.51693851944793,-1.5064748048483203,7.0,7.0,116.0,116.0,117.0
59.571790496000176,1788435566.5467665,2.9731979370117188,4.51693851944793,-1.543740582436211,5.0,5.0,112.0,112.0,117.0
59.67416830000002,1788435566.6470857,2.987224578857422,4.51693851944793,-1.5297139405905078,6.0,6.0,112.0,112.0,117.0
59.80608991999907,1788435566.7791166,2.9164466857910156,4.51693851944793,-1.600491833656914,6.0,6.0,112.0,112.0,117.0
59.90648584599876,1788435566.8793862,2.9266891479492188,4.51693851944793,-1.590249371498711,5.0,5.0,112.0,112.0,117.0
60.00665433699942,1788435566.9800377,2.950115203857422,4.51693851944793,-1.5668233155905078,5.0,5.0,116.0,116.0,117.0
60.13977461699869,1788435567.113967,2.880828857421875,4.51693851944793,-1.6361096620260547,6.0,6.0,124.0,124.0,117.0
60.2412670220001,1788435567.2172413,2.883411407470703,4.51693851944793,-1.6335271119772266,6.0,6.0,120.0,120.0,117.0
60.34201460599979,1788435567.315006,2.884532928466797,4.51693851944793,-1.6324055909811328,7.0,7.0,120.0,120.0,117.0
60.474685146999036,1788435567.447528,2.8363914489746094,4.51693851944793,-1.6805470704733203,6.0,6.0,120.0,120.0,117.0
60.57481681899844,1788435567.5476775,2.85888671875,4.51693851944793,-1.6580518006979297,6.0,6.0,120.0,120.0,117.0
60.707538901999214,1788435567.6814742,2.7827301025390625,4.51693851944793,-1.7342084169088672,6.0,6.0,124.0,124.0,117.0
60.808651203999034,1788435567.7860684,2.7888717651367188,4.51693851944793,-1.728066754311211,6.0,6.0,124.0,124.0,117.0
60.910372569000174,1788435567.8864753,2.7600975036621094,4.51693851944793,-1.7568410157858203,7.0,7.0,132.0,132.0,117.0
61.04524527600006,1788435568.0180874,2.753948211669922,4.51693851944793,-1.7629903077780078,9.0,9.0,128.0,128.0,118.0
61.14757903499958,1788435568.1209283,2.7782974243164062,4.51693851944793,-1.7386410951315234,7.0,7.0,128.0,128.0,117.0
61.277884260000064,1788435568.2557275,2.7494354248046875,4.51693851944793,-1.7675030946432422,8.0,8.0,128.0,128.0,117.0
61.38464216399916,1788435568.358113,2.7587814331054688,4.51693851944793,-1.758157086342461,8.0,8.0,124.0,124.0,117.0
61.511406780999096,1788435568.4841726,2.7573013305664062,4.51693851944793,-1.7596371888815234,7.0,7.0,124.0,124.0,117.0
61.64842647899968,1788435568.621181,2.806934356689453,4.51693851944793,-1.7100041627584766,8.0,8.0,120.0,120.0,117.0
61.78039161699962,1788435568.7537355,2.7552032470703125,4.51693851944793,-1.7617352723776172,6.0,6.0,124.0,124.0,117.0
61.88191374999951,1788435568.8547328,2.7843551635742188,4.51693851944793,-1.732583355873711,7.0,7.0,124.0,124.0,117.0
62.015583008998874,1788435568.988521,2.720569610595703,4.51693851944793,-1.7963689088522266,8.0,8.0,128.0,128.0,117.0
62.14682720000019,1788435569.1220696,2.6734275817871094,4.51693851944793,-1.8435109376608203,9.0,9.0,132.0,132.0,118.0
62.249658603999706,1788435569.2223985,2.983551025390625,4.51693851944793,-1.5333874940573047,7.0,7.0,128.0,128.0,117.0
62.3504413619994,1788435569.3233602,4.701011657714844,4.579673776662484,0.12133788105235954,0.0,0.0,1084.0,1084.0,118.0
62.45180569900003,1788435569.4244764,8.571578979492188,5.771643663739021,2.7999353157531663,0.0,0.0,1124.0,1124.0,117.0
62.59884723699906,1788435569.5716412,3.2016334533691406,11.22961104140527,-8.02797758803613,0.0,0.0,1188.0,1188.0,118.0
62.71566708999853,1788435569.68868,3.2618675231933594,9.786700125470514,-6.524832602277154,9.0,9.0,408.0,408.0,117.0
62.84821005499907,1788435569.82202,3.2907638549804688,5.834378920953576,-2.543615065973107,11.0,11.0,168.0,168.0,117.0
62.9512934710001,1788435569.924167,3.3121070861816406,5.771643663739021,-2.4595365775573805,12.0,12.0,172.0,172.0,117.0
63.08538145700004,1788435570.0602262,3.3191375732421875,5.771643663739021,-2.4525060904968337,14.0,14.0,172.0,172.0,117.0
63.185766590999265,1788435570.1592016,3.267223358154297,5.646173149309912,-2.3789497911556152,14.0,14.0,164.0,164.0,117.0
63.3199448059986,1788435570.2930808,3.309001922607422,5.520702634880803,-2.211700712273381,10.0,10.0,152.0,152.0,117.0
63.450786895999045,1788435570.4236727,3.3162307739257812,5.520702634880803,-2.204471860955022,10.0,10.0,156.0,156.0,118.0
63.55206211599943,1788435570.524907,3.3215065002441406,5.520702634880803,-2.1991961346366624,11.0,11.0,160.0,160.0,117.0
63.652657363998514,1788435570.6253757,3.2754173278808594,5.520702634880803,-2.2452853069999437,14.0,14.0,156.0,156.0,117.0
63.7552453520002,1788435570.7300005,3.2999725341796875,5.520702634880803,-2.2207301007011155,12.0,12.0,156.0,156.0,117.0
63.8867178849996,1788435570.8594809,3.2718582153320312,5.520702634880803,-2.248844419548772,10.0,10.0,156.0,156.0,117.0
63.98879461799879,1788435570.9616818,3.2703208923339844,5.520702634880803,-2.2503817425468187,10.0,10.0,156.0,156.0,117.0
64.12111063999873,1788435571.096108,3.2336959838867188,5.520702634880803,-2.2870066509940843,11.0,11.0,160.0,160.0,117.0
64.2553851979992,1788435571.2288003,3.2518386840820312,5.520702634880803,-2.268863950798772,14.0,14.0,160.0,160.0,117.0
64.35883399199884,1788435571.331645,3.254772186279297,5.520702634880803,-2.265930448601506,11.0,11.0,160.0,160.0,117.0
64.4879378759997,1788435571.4631171,3.240161895751953,5.520702634880803,-2.28054073912885,12.0,12.0,160.0,160.0,117.0
64.62151689799975,1788435571.5970812,3.2525482177734375,5.520702634880803,-2.2681544171073655,12.0,12.0,164.0,164.0,117.0
64.72281366399875,1788435571.6968267,3.2668228149414062,5.520702634880803,-2.253879819939397,11.0,11.0,160.0,160.0,117.0
64.85805875099868,1788435571.830765,3.2684364318847656,5.520702634880803,-2.2522662029960374,17.0,17.0,164.0,164.0,117.0
64.99329041499914,1788435571.9666655,3.291156768798828,5.520702634880803,-2.229545866081975,11.0,11.0,164.0,164.0,117.0
65.12358258599852,1788435572.096667,3.283130645751953,5.520702634880803,-2.23757198912885,12.0,12.0,160.0,160.0,118.0
65.2265634059986,1788435572.199804,3.2733154296875,5.520702634880803,-2.247387205193303,12.0,12.0,152.0,152.0,117.0
65.32666155599873,1788435572.2999172,3.2667160034179688,5.520702634880803,-2.2539866314628343,10.0,10.0,156.0,156.0,117.0
65.46166246699977,1788435572.434541,3.2433509826660156,5.520702634880803,-2.2773516522147874,11.0,11.0,160.0,160.0,117.0
65.59111163799935,1788435572.564601,3.2329483032226562,5.520702634880803,-2.287754331658147,11.0,11.0,160.0,160.0,117.0
65.69741616699866,1788435572.670169,3.2023162841796875,5.520702634880803,-2.3183863507011155,10.0,10.0,160.0,160.0,117.0
65.82434790099978,1788435572.797447,3.2650299072265625,5.520702634880803,-2.2556727276542405,11.0,11.0,160.0,160.0,117.0
65.97481961499943,1788435572.9483025,3.469615936279297,5.520702634880803,-2.051086698601506,10.0,10.0,160.0,160.0,117.0
66.09045402599986,1788435573.0640776,3.4013214111328125,5.520702634880803,-2.1193812237479905,13.0,13.0,152.0,152.0,117.0
66.1908960969995,1788435573.164106,3.3619842529296875,5.520702634880803,-2.1587183819511155,9.0,9.0,148.0,148.0,117.0
66.29100583099898,1788435573.2637594,3.326282501220703,5.520702634880803,-2.1944201336601,10.0,10.0,152.0,152.0,117.0
66.39379644099972,1788435573.3691926,3.3601341247558594,5.520702634880803,-2.1605685101249437,10.0,10.0,156.0,156.0,117.0
66.52726732699921,1788435573.5000772,3.267230987548828,5.520702634880803,-2.253471647331975,9.0,9.0,152.0,152.0,117.0
66.65920283199921,1788435573.6323247,3.23333740234375,5.520702634880803,-2.287365232537053,12.0,12.0,160.0,160.0,117.0
