time_s,unix_time,gripper_command,gripper_position,gripper_error,present_current_raw,present_load_raw,present_voltage_raw,on_motor_total,not_motor_total,combined_total,asymmetry,abs_current,abs_load,aligned_time_s,eflesh_smooth,current_smooth,voltage_smooth,position_smooth,eflesh_above_contact,actual_extra_closure,rigid_equivalent,estimated_deformation,squeeze
17.72634220123291,1788289427.6053195,13.511790949649455,19.461827284105134,-5.950036334455676,13,320,117,13418.18559739401,11495.93035826418,24914.115955658188,0.077155265816015,13,320,17.723058700561523,24914.115955658188,12.0,117.0,19.461827284105134,0.0,0.0,0.011,-0.011,1
17.776243209838867,1788289427.6552207,13.193116634799235,17.647058823529413,-4.453942188730178,12,244,117,16156.245782366976,14581.128200008938,30737.37398237592,0.051244377065561,12,244,17.77295994758606,30737.37398237592,13.0,117.0,17.647058823529413,5823.258026717733,1.8147684605757206,2.67040932224046,-0.8556408616647393,1
17.826597452163696,1788289427.705575,13.193116634799235,16.708385481852314,-3.515268847053079,17,220,116,19022.30267060177,17754.20061190976,36776.503282511534,0.0344813113131131,17,220,17.82331418991089,36776.503282511534,17.0,116.0,16.708385481852314,11862.387326853346,2.7534418022528193,8.62619716145891,-5.87275535920609,1
17.8764750957489,1788289427.7554526,13.193116634799235,16.33291614518148,-3.139799510382243,17,208,116,19989.864588669367,18559.64231113291,38549.50689980228,0.037100922749904,17,208,17.873191833496094,38549.50689980228,17.0,116.0,16.33291614518148,13635.390944144096,3.1289111389236552,8.935,-5.806088861076345,1
17.92655920982361,1788289427.8055367,13.193116634799235,16.20775969962453,-3.014643064825293,25,204,116,20586.94240381788,19155.721006342246,39742.66341016012,0.0360122164613088,25,204,17.9232759475708,39742.66341016012,18.0,116.0,16.20775969962453,14828.547454501935,3.2540675844806053,8.935,-5.680932415519395,1
17.976600170135498,1788289427.8555777,13.193116634799235,16.20775969962453,-3.014643064825293,20,208,116,20692.43749809312,19253.72281432476,39946.160312417865,0.0360163448130235,20,208,17.97331690788269,39946.160312417865,18.0,116.0,16.20775969962453,15032.044356759678,3.2540675844806053,8.935070497584872,-5.681002913104267,1
18.02661323547364,1788289427.9055908,13.193116634799235,16.14518147684606,-2.9520648420468234,18,204,116,20898.357681845693,19474.643191940435,40373.00087378613,0.0352640244493112,18,204,18.023329973220825,40373.00087378613,20.0,116.0,16.14518147684606,15458.88491812794,3.316645807259075,8.936009546819882,-5.619363739560807,1
18.077062845230103,1788289427.9560404,13.193116634799235,16.082603254067585,-2.88948661926835,17,200,116,21057.12208213497,19618.43526800048,40675.55735013545,0.0353698119425943,17,200,18.07377958297729,40675.55735013545,20.0,116.0,16.082603254067585,15761.441394477264,3.3792240300375482,8.93667517106785,-5.5574511410303025,1
18.127037286758423,1788289428.0060148,13.193116634799235,16.082603254067585,-2.88948661926835,23,200,117,21122.253303199777,19691.890990684507,40814.14429388428,0.0350457503706527,23,200,18.12375402450561,40814.14429388428,20.0,116.0,16.082603254067585,15900.028338226093,3.3792240300375482,8.936980062344098,-5.55775603230655,1
18.17681360244751,1788289428.0557911,13.193116634799235,16.082603254067585,-2.88948661926835,20,200,115,21170.2396536544,19736.66162609981,40906.90127975421,0.0350448942038075,20,200,18.173530340194706,40906.90127975421,20.0,116.0,16.082603254067585,15992.785324096021,3.3792240300375482,8.937184127713012,-5.557960097675464,1
18.22696304321289,1788289428.1059406,13.193116634799235,16.082603254067585,-2.88948661926835,20,200,116,21236.39682745632,19783.2582729166,41019.65510037292,0.0354254210812833,20,200,18.223679780960083,41019.65510037292,20.0,116.0,16.082603254067585,16105.53914471473,3.3792240300375482,8.937432186118373,-5.558208156080825,1
18.27723908424377,1788289428.1562166,13.193116634799235,16.082603254067585,-2.88948661926835,18,200,116,21276.265778124907,19831.76933753933,41108.03511566424,0.0351390290613804,18,200,18.273955821990967,41108.03511566424,20.0,116.0,16.082603254067585,16193.919160006055,3.3792240300375482,8.937626622152013,-5.558402592114465,1
18.327283143997192,1788289428.2062607,13.193116634799235,16.082603254067585,-2.88948661926835,24,200,116,21331.51417946312,19889.60628924246,41221.12046870558,0.0349798325185103,24,200,18.323999881744385,41221.12046870558,20.0,116.0,16.082603254067585,16307.004513047392,3.3792240300375482,8.937875409928704,-5.558651379891156,1
18.37752628326416,1788289428.2565038,13.193116634799235,16.020025031289112,-2.826908396489877,20,196,117,21385.40831481952,19942.01542041233,41327.423735231845,0.0349257893173893,20,196,18.374243021011356,41327.423735231845,20.0,117.0,16.020025031289112,16413.307779573657,3.4418022528160215,8.938109277115062,-5.496307024299041,1
18.427499532699585,1788289428.306477,13.193116634799235,15.95744680851064,-2.764330173711404,22,192,117,21618.18851577003,20153.76763896039,41771.95615473042,0.0350575125422706,22,192,18.424216270446777,41771.95615473042,20.0,117.0,15.95744680851064,16857.84019907223,3.504380475594493,8.939087248437959,-5.434706772843466,1
18.47756862640381,1788289428.3565462,13.193116634799235,15.95744680851064,-2.764330173711404,16,192,117,21636.54996584489,20173.98215844341,41810.53212428831,0.0349808465257932,16,192,18.474285364151,41810.53212428831,19.0,117.0,15.95744680851064,16896.41616863012,3.504380475594493,8.939172115570987,-5.434791639976494,1
18.527618646621704,1788289428.4065962,13.193116634799235,15.95744680851064,-2.764330173711404,16,192,116,21643.247406881364,20187.80464296708,41831.05204984844,0.0347933578667801,16,192,18.524335384368896,41831.05204984844,17.0,117.0,15.95744680851064,16916.936094190252,3.504380475594493,8.939217259407219,-5.434836783812726,1
18.577613592147827,1788289428.4565911,13.129381771829191,15.95744680851064,-2.828065036681448,19,192,117,21671.571835635383,20219.30606308917,41890.87789872456,0.0346678285438947,19,192,18.57433032989502,41890.87789872456,17.0,117.0,15.95744680851064,16976.761943066373,3.504380475594493,8.939348876274746,-5.434968400680253,1
18.627604246139526,1788289428.5065818,13.129381771829191,15.95744680851064,-2.828065036681448,17,196,117,21688.17773653441,20243.183858577133,41931.361595111535,0.034460933844937,17,196,18.62432098388672,41931.361595111535,17.0,116.0,15.95744680851064,17017.245639453347,3.504380475594493,8.939437940406798,-5.435057464812305,1
18.67760157585144,1788289428.556579,13.129381771829191,15.95744680851064,-2.828065036681448,17,196,116,21709.96934909424,20250.25043066097,41960.21977975521,0.0347881618851182,17,196,18.674318313598636,41960.21977975521,19.0,117.0,15.95744680851064,17046.10382409702,3.504380475594493,8.939501428413013,-5.4351209528185205,1
18.7278573513031,1788289428.606835,13.129381771829191,15.95744680851064,-2.828065036681448,23,196,116,21721.634898473083,20265.84654075505,41987.48143922814,0.0346719619233439,23,196,18.724574089050293,41987.48143922814,18.0,116.0,15.95744680851064,17073.365483569953,3.504380475594493,8.939561404063854,-5.435180928469361,1
18.778043031692505,1788289428.6570206,13.065646908859147,15.95744680851064,-2.891799899651492,23,196,117,21738.41408805243,20280.771597949537,42019.18568600196,0.0346899271441255,23,196,18.774759769439697,42019.18568600196,20.0,116.0,15.95744680851064,17105.069730343774,3.504380475594493,8.939631153406756,-5.435250677812263,1
18.82810950279236,1788289428.707087,13.065646908859147,15.95744680851064,-2.891799899651492,18,200,116,21757.05180956022,20297.36578775569,42054.41759731592,0.0347094575362207,18,200,18.82482624053955,42054.41759731592,20.0,116.0,15.95744680851064,17140.301641657734,3.504380475594493,8.939708663611647,-5.435328188017154,1
18.878108978271484,1788289428.7570865,13.065646908859147,15.95744680851064,-2.891799899651492,20,200,116,21754.4561253362,20327.84657650244,42082.30270183863,0.0339004630745035,20,200,18.87482571601868,42082.30270183863,20.0,117.0,15.95744680851064,17168.18674618044,3.504380475594493,8.939770010841597,-5.435389535247104,1
18.927912712097168,1788289428.8068902,13.001912045889105,15.95744680851064,-2.955534762621536,18,200,117,21766.88305488648,20336.31708535164,42103.200140238114,0.0339776065660065,18,200,18.92462944984436,42103.200140238114,20.0,116.0,15.95744680851064,17189.084184579926,3.504380475594493,8.939815985206076,-5.435435509611583,1
18.97826790809632,1788289428.8572454,11.854684512428298,15.95744680851064,-4.102762296082341,20,204,117,21789.570384692062,20361.45113142117,42151.02151611324,0.033881011702764,20,204,18.974984645843502,42151.02151611324,20.0,116.0,15.95744680851064,17236.90556045505,3.504380475594493,8.939921192233001,-5.435540716638508,1
19.028276205062863,1788289428.9072535,9.36902485659656,15.707133917396746,-6.338109060800187,26,276,116,22371.585263691228,20902.1562501252,43273.74151381642,0.0339565972842184,26,276,19.02499270439148,43273.74151381642,26.0,116.0,15.707133917396746,18359.625558158234,3.7546933667083877,8.942391176227948,-5.187697809519561,1
19.078463792800903,1788289428.957441,6.819630337794775,14.956195244055069,-8.136564906260293,48,368,116,23901.97997873128,22361.953033801656,46263.93301253293,0.0332878517810499,48,368,19.07518029212952,46263.93301253293,48.0,116.0,14.956195244055069,21349.81705687474,4.505632040050065,8.946,-4.440367959949935,1
19.12813329696656,1788289429.0071108,5.544933078393881,13.32916145181477,-7.784228373420889,56,440,115,28269.01580531032,26736.97561073312,55005.99141604344,0.0278522421855732,56,440,19.124850034713745,55005.99141604344,56.0,115.0,13.32916145181477,30091.875460385254,6.132665832290364,12.228,-6.095334167709636,1
19.17822504043579,1788289429.0572026,5.289993626513703,11.889862327909889,-6.599868701396185,64,432,114,31634.314067398125,30506.785222706745,62141.09929010488,0.0181446555914231,64,432,19.174941778182983,62141.09929010488,64.0,114.0,11.889862327909889,37226.98333444669,7.571964956195245,12.454409972335412,-4.882445016140167,1
19.22858619689941,1788289429.1075635,5.035054174633524,11.32665832290363,-6.291604148270105,80,392,114,34256.49332620291,33556.03029520357,67812.52362140648,0.0103294051539798,80,392,19.225302696228027,67812.52362140648,73.0,114.0,11.32665832290363,42898.407665748295,8.135168961201504,13.0,-4.864831038798496,1
19.278581142425537,1788289429.157559,4.97131931166348,11.13892365456821,-6.167604342904729,73,400,114,34773.72954606175,34194.74690023569,68968.47644629744,0.0083948881526604,73,400,19.27529811859131,68968.47644629744,80.0,114.0,11.13892365456821,44054.36049063926,8.322903629536924,13.0,-4.677096370463076,1
19.328595638275143,1788289429.2075732,4.97131931166348,11.13892365456821,-6.167604342904729,85,408,114,35054.43449859206,34548.897848390494,69603.33234698256,0.0072631098706796,85,408,19.32531237602234,69603.33234698256,80.0,114.0,11.13892365456821,44689.21639132437,8.322903629536924,13.0,-4.677096370463076,1
19.37881875038147,1788289429.2577963,4.907584448693435,11.13892365456821,-6.231339205874774,80,408,114,35195.26376355107,34666.44117150332,69861.70493505438,0.007569563218352,80,408,19.375535488128666,69861.70493505438,80.0,114.0,11.13892365456821,44947.5889793962,8.322903629536924,13.0,-4.677096370463076,1
19.42874383926392,1788289429.3077214,4.84384958572339,11.13892365456821,-6.295074068844819,75,416,114,35325.2908295324,34844.99455664579,70170.28538617819,0.0068447245189801,75,416,19.42546057701111,70170.28538617819,85.0,114.0,11.13892365456821,45256.16943052001,8.322903629536924,13.406540886235252,-5.083637256698328,1
19.47885775566101,1788289429.3578353,4.716379859783301,11.13892365456821,-6.422543794784908,90,416,114,35400.73788067319,34933.463090537305,70334.20097121049,0.0066436354388549,90,416,19.475574493408203,70334.20097121049,89.0,114.0,11.13892365456821,45420.08501555231,8.322903629536924,13.666674919681512,-5.343771290144588,1
19.528912782669067,1788289429.4078903,3.31421287444232,11.13892365456821,-7.82471078012589,89,428,114,35502.730692064,35073.26716000993,70575.99785207392,0.0060851216436814,89,428,19.52562952041626,70575.99785207392,90.0,114.0,11.13892365456821,45661.88189641574,8.322903629536924,14.050406569611779,-5.727502940074855,1
19.57888412475586,1788289429.4578617,2.294455066921606,11.076345431789738,-8.781890364868133,113,500,113,35573.38104725567,35177.40188438591,70750.78293164159,0.0055968166918004,113,500,19.57560086250305,70750.78293164159,90.0,114.0,11.076345431789738,45836.666975983404,8.385481852315396,14.327790490885661,-5.942308638570266,1
19.62894916534424,1788289429.5079267,2.294455066921606,10.200250312891114,-7.905795245969508,101,500,113,38225.02427548299,37992.25556114648,76217.27983662946,0.0030540149797453,101,500,19.62566590309143,76217.27983662946,101.0,114.0,10.200250312891114,51303.163880971275,9.26157697121402,14.587,-5.3254230287859805,1
19.678882122039795,1788289429.5578597,2.294455066921606,9.574468085106384,-7.2800130181847775,90,472,114,39865.9401880236,39811.07646825022,79677.01665627383,0.0006885764813467,90,472,19.675598859786987,79677.01665627383,103.0,113.0,9.574468085106384,54762.900700615646,9.88735919899875,14.587,-4.69964080100125,1
19.728970050811768,1788289429.6079476,2.294455066921606,9.386733416770964,-7.092278349849358,103,460,114,40712.86678906366,40817.3318756931,81530.19866475675,0.0012813054345542,103,460,19.72568678855896,81530.19866475675,101.0,113.0,9.386733416770964,56616.08270909857,10.07509386733417,14.629018150436563,-4.553924283102393,1
19.7792751789093,1788289429.6582527,2.294455066921606,9.386733416770964,-7.092278349849358,108,468,113,40856.57806459658,40987.0877503887,81843.66581498529,0.0015946217033722,108,468,19.77599191665649,81843.66581498529,103.0,113.0,9.386733416770964,56929.549859327104,10.07509386733417,14.637168296342505,-4.5620744290083355,1
19.829131364822388,1788289429.708109,2.294455066921606,9.386733416770964,-7.092278349849358,74,468,113,40996.867099062176,41216.69336643833,82213.56046550052,0.0026738443893133,74,468,19.82584810256958,82213.56046550052,108.0,113.0,9.386733416770964,57299.44450984233,10.07509386733417,14.646785557255901,-4.571691689921732,1
19.879367351531982,1788289429.758345,2.294455066921606,9.386733416770964,-7.092278349849358,109,468,113,41067.49564729328,41320.71136527903,82388.2070125723,0.0030734461540971,109,468,19.87608408927917,82388.2070125723,108.0,113.0,9.386733416770964,57474.09105691411,10.07509386733417,14.651326367479767,-4.576232500145597,1
19.929226398468018,1788289429.808204,2.294455066921606,9.386733416770964,-7.092278349849358,108,468,113,41139.06186987062,41455.86660941944,82594.92847929004,0.0038356439721145,108,468,19.92594313621521,82594.92847929004,108.0,113.0,9.386733416770964,57680.81252363186,10.07509386733417,14.656701125614429,-4.581607258280259,1
19.97938203811645,1788289429.8583596,2.294455066921606,9.386733416770964,-7.092278349849358,108,468,113,41188.37723144758,41513.9858388407,82702.36307028828,0.0039371137087871,108,468,19.976098775863647,82702.36307028828,108.0,113.0,9.386733416770964,57788.247114630096,10.07509386733417,14.659494424980382,-4.584400557646212,1
20.02937912940979,1788289429.908357,2.294455066921606,9.386733416770964,-7.092278349849358,100,468,113,41247.546920659166,41606.91498227672,82854.46190293587,0.0043373410841596,100,468,20.02609610557556,82854.46190293587,107.0,113.0,9.386733416770964,57940.34594727769,10.07509386733417,14.66344899462922,-4.588355127295051,1
20.079726696014404,1788289429.9587042,2.294455066921606,9.386733416770964,-7.092278349849358,107,468,113,41289.37537366731,41652.772184854985,82942.1475585223,0.0043813286957788,107,468,20.0764434337616,82942.1475585223,107.0,113.0,9.386733416770964,58028.03160286411,10.07509386733417,14.665728821674467,-4.590634954340297,1
20.129610300064087,1788289430.0085878,2.294455066921606,9.386733416770964,-7.092278349849358,98,468,113,41353.47325995421,41716.56410395944,83070.03736391364,0.0043709002129683,98,468,20.12632703781128,83070.03736391364,107.0,113.0,9.386733416770964,58155.92140825545,10.07509386733417,14.669053956614642,-4.593960089280472,1
20.17967343330384,1788289430.058651,2.294455066921606,9.386733416770964,-7.092278349849358,108,468,113,41376.78580666756,41763.74744270432,83140.53324937189,0.0046543078437578,108,468,20.176390171051025,83140.53324937189,107.0,113.0,9.386733416770964,58226.417293713705,10.07509386733417,14.670886849636556,-4.595792982302386,1
20.229637145996094,1788289430.1086147,2.3581899298916507,9.386733416770964,-7.028543486879313,110,468,113,41424.239642265646,41830.91394125523,83255.15358352088,0.0048846741791379,110,468,20.22635388374329,83255.15358352088,98.0,113.0,9.386733416770964,58341.03762786269,10.07509386733417,14.67386697832443,-4.59877311099026,1
20.27994084358216,1788289430.1589184,2.3581899298916507,9.386733416770964,-7.028543486879313,98,464,114,41443.85602445758,41860.21709331688,83304.07311777446,0.0049980877678172,98,464,20.276657581329346,83304.07311777446,108.0,113.0,9.386733416770964,58389.957162116276,10.07509386733417,14.675138886215024,-4.600045018880854,1
20.32982587814331,1788289430.2088034,2.3581899298916507,9.386733416770964,-7.028543486879313,98,464,114,41503.315252727545,41924.98593229017,83428.30118501771,0.0050542882160274,98,464,20.326542615890503,83428.30118501771,104.0,114.0,9.386733416770964,58514.18522935953,10.07509386733417,14.678368815963347,-4.603274948629178,1
20.380099296569824,1788289430.2590768,2.3581899298916507,9.386733416770964,-7.028543486879313,108,464,113,41522.52215256181,41957.240810023366,83479.76296258517,0.0052074735484861,108,464,20.376816034317017,83479.76296258517,103.0,114.0,9.386733416770964,58565.647006926985,10.07509386733417,14.679706822180101,-4.604612954845932,1
20.43009901046753,1788289430.3090763,2.3581899298916507,9.386733416770964,-7.028543486879313,104,464,114,41539.26218780616,42013.28648579444,83552.5486736006,0.0056733673061256,104,464,20.426815509796143,83552.5486736006,103.0,113.0,9.386733416770964,58638.432717942414,10.07509386733417,14.681599250666503,-4.606505383332333,1
20.48030805587769,1788289430.3592856,2.48565965583174,9.386733416770964,-6.901073760939224,103,464,113,41575.77132955912,42015.79451333803,83591.56584289715,0.005263966278678,103,464,20.47702479362488,83591.56584289715,103.0,113.0,9.386733416770964,58677.44988723897,10.07509386733417,14.682613697068213,-4.607519829734043,1
20.530102491378784,1788289430.40908,4.1427660930529,9.386733416770964,-5.243967323718064,103,452,113,41595.991266870085,42075.74951549606,83671.74078236615,0.0057338145966611,103,452,20.526819229125977,83630.63153226118,103.0,114.0,9.386733416770964,58716.51557660299,10.07509386733417,14.683629404991677,-4.608535537657508,1
32.546040058135986,1788289442.4250176,19.88527724665392,21.90237797246558,-2.017100725811659,1,72,117,9211.34880809537,6350.648989112213,15561.997797207585,0.1838260007655621,1,72,32.54275679588318,15561.997797207585,1.0,117.0,21.90237797246558,0.0,0.0,0.011,-0.011,2
32.59581136703491,1788289442.474789,18.54684512428298,21.526908635794744,-2.980063511511762,5,152,117,9510.904169376658,6767.590592716433,16278.49476209309,0.168523786551103,5,152,32.592528104782104,16278.49476209309,3.0,117.0,21.526908635794744,716.4969648855058,0.37546933667083593,0.21125948692519883,0.1642098497456371,2
32.64619469642639,1788289442.5251722,18.35564053537285,20.713391739674595,-2.3577512043017457,8,152,117,10631.729693621392,8540.512557250706,19172.2422508721,0.1090752510325474,8,152,32.642911434173584,19172.2422508721,4.0,117.0,20.713391739674595,3610.2444536645144,1.1889862327909846,2.527365069875251,-1.3383788370842664,2
32.695993423461914,1788289442.574971,18.35564053537285,19.96245306633292,-1.6068125309600667,3,100,117,11388.413976653328,9612.365631570392,21000.77960822372,0.0845705911026013,3,100,32.692710161209106,21000.77960822372,4.0,117.0,19.96245306633292,5438.781811016133,1.93992490613266,2.6669490362991453,-0.7270241301664853,2
32.74929976463318,1788289442.6282773,18.35564053537285,19.774718397997496,-1.419077862624647,4,100,118,11822.898608105355,10063.126644703943,21886.0252528093,0.0804061926765587,4,100,32.74601650238037,21886.0252528093,4.0,117.0,19.774718397997496,6324.027455601716,2.1276595744680833,3.029078256073091,-0.9014186816050076,2
32.79647660255432,1788289442.675454,18.036966220522626,19.712140175219023,-1.6751739546963975,4,100,118,11841.574704301724,10112.582394029749,21954.15709833148,0.0787546660310353,4,100,32.793193101882935,21954.15709833148,4.0,117.0,19.712140175219023,6392.1593011238965,2.1902377972465565,3.104159549838534,-0.9139217525919774,2
32.846593141555786,1788289442.725571,17.909496494582537,19.58698372966208,-1.6774872350795391,4,104,117,12142.218170365712,10436.367638143636,22578.58580850935,0.0755516995922384,4,104,32.84331011772156,22578.58580850935,4.0,117.0,19.58698372966208,7016.588011301765,2.3153942428034995,3.781066492814552,-1.4656722500110524,2
32.89697504043579,1788289442.7759526,17.909496494582537,19.336670838548184,-1.427174343965646,4,100,117,12393.26114121742,10721.362012995192,23114.62315421261,0.0723307975677521,4,100,32.89369177818298,23114.62315421261,4.0,117.0,19.336670838548184,7552.625357005027,2.565707133917396,4.009418402084141,-1.4437112681667452,2
32.946566343307495,1788289442.825544,17.909496494582537,19.27409261576971,-1.3645961211871729,4,96,117,12560.288412801085,10905.466647702233,23465.75506050332,0.0705207124523423,4,96,32.94328331947327,23465.75506050332,4.0,117.0,19.27409261576971,7903.757263295736,2.6282853566958693,4.159000594163984,-1.5307152374681143,2
32.99719595909119,1788289442.8761735,17.845761631612493,19.27409261576971,-1.428330984157217,4,104,117,12575.8203519803,10930.566281104428,23506.38663308473,0.0699917897445034,4,104,32.99391269683838,23506.38663308473,4.0,117.0,19.27409261576971,7944.3888358771455,2.6282853566958693,4.1763096440836645,-1.5480242873877952,2
33.04681086540222,1788289442.9257884,17.845761631612493,19.27409261576971,-1.428330984157217,4,104,117,12594.585187847111,10943.936963456856,23538.52215130397,0.0701253975835867,4,104,33.043527603149414,23536.206324233342,4.0,117.0,19.27409261576971,7974.208527025758,2.6282853566958693,4.189012832512973,-1.560727475817104,2
33.09700536727905,1788289442.975983,17.845761631612493,19.27409261576971,-1.428330984157217,4,104,118,12602.871546367176,10933.33477786617,23536.206324233342,0.0709348288972984,4,104,33.093722105026245,23538.52215130397,4.0,117.0,19.27409261576971,7976.524354096384,2.6282853566958693,4.18999937484506,-1.5617140181491909,2
33.146976709365845,1788289443.0259542,17.845761631612493,19.27409261576971,-1.428330984157217,4,104,117,12617.75897921373,10945.981952238237,23563.74093145197,0.0709470126937302,4,104,33.14369344711304,23563.74093145197,4.0,117.0,19.27409261576971,8001.743134244383,2.6282853566958693,4.201246340984734,-1.5729609842888648,2
33.19698977470398,1788289443.0759673,17.845761631612493,19.27409261576971,-1.428330984157217,4,104,118,12628.302244260894,10969.68674233776,23597.98898659865,0.0702863071452854,4,104,33.19370651245117,23597.98898659865,4.0,117.0,19.27409261576971,8035.991189391067,2.6282853566958693,4.2257337004146125,-1.5974483437187432,2
33.24708795547485,1788289443.1260655,17.845761631612493,19.27409261576971,-1.428330984157217,4,104,117,12636.587189201153,10967.879267962971,23604.46645716413,0.0706945833436415,4,104,33.243804693222046,23604.46645716413,4.0,117.0,19.27409261576971,8042.468659956545,2.6282853566958693,4.230365091868929,-1.60207973517306,2
33.29725646972656,1788289443.176234,17.845761631612493,19.27409261576971,-1.428330984157217,5,104,117,12645.762689046487,10959.219170951135,23604.98185999762,0.0714486258917007,5,104,33.293973207473755,23604.98185999762,4.0,117.0,19.27409261576971,8042.984062790036,2.6282853566958693,4.230733604894875,-1.602448248199006,2
33.34740853309631,1788289443.226386,17.845761631612493,19.27409261576971,-1.428330984157217,4,104,117,12645.520241233566,10993.93857849692,23639.458819730484,0.0698654599215345,4,104,33.344125270843506,23639.458819730484,5.0,117.0,19.27409261576971,8077.461022522899,2.6282853566958693,4.2553846311038726,-1.6270992744080033,2
33.397444009780884,1788289443.2764215,17.78202676864245,19.27409261576971,-1.492065847127261,5,108,118,12649.952922424858,10996.844860777746,23646.797783202604,0.0699083265651042,5,108,33.39416074752808,23639.458819730484,5.0,118.0,19.27409261576971,8077.461022522899,2.6282853566958693,4.2553846311038726,-1.6270992744080033,2
33.44733381271362,1788289443.326311,17.78202676864245,19.27409261576971,-1.492065847127261,5,108,118,12666.751747033592,10984.93984616112,23651.69159319471,0.0711074679054405,5,108,33.44405031204224,23646.797783202604,5.0,118.0,19.27409261576971,8084.79998599502,2.6282853566958693,4.2606319899864395,-1.6323466332905703,2
33.49731779098511,1788289443.376295,17.78202676864245,19.27409261576971,-1.492065847127261,5,108,118,12652.38117036513,10986.000973978244,23638.382144343374,0.0704946804824224,5,108,33.49403429031372,23651.69159319471,5.0,118.0,19.27409261576971,8089.693795987127,2.6282853566958693,4.264131064130796,-1.6358457074349264,2
33.54763126373291,1788289443.4266088,17.78202676864245,19.27409261576971,-1.492065847127261,6,108,117,12679.509528738,11003.346653682822,23682.856182420823,0.0707753685680594,6,108,33.5443480014801,23682.856182420823,5.0,117.0,19.27409261576971,8120.858385213238,2.6282853566958693,4.286413745427465,-1.6581283887315958,2
33.597591400146484,1788289443.476569,17.78202676864245,19.27409261576971,-1.492065847127261,4,108,117,12677.946791610872,11008.808406168831,23686.755197779705,0.0704671607193584,4,108,33.59430813789368,23686.755197779705,5.0,117.0,19.27409261576971,8124.75740057212,2.6282853566958693,4.289201541409066,-1.660916184713197,2
33.64756274223328,1788289443.5265405,17.78202676864245,19.27409261576971,-1.492065847127261,6,108,117,12681.43038902754,11020.392826354291,23701.82321538183,0.070080581885164,6,108,33.64427971839905,23701.82321538183,5.0,117.0,19.27409261576971,8139.825418174247,2.6282853566958693,4.299975173994587,-1.6716898172987174,2
33.69755411148071,1788289443.5765316,17.78202676864245,19.27409261576971,-1.492065847127261,5,108,117,12693.685169610038,11013.693738688224,23707.378908298266,0.0708636512463117,5,108,33.694270849227905,23706.51002450724,5.0,117.0,19.27409261576971,8144.512227299654,2.6282853566958693,4.303326242519253,-1.6750408858233836,2
33.74775528907776,1788289443.6267328,17.78202676864245,19.27409261576971,-1.492065847127261,5,108,117,12692.157742769536,11025.95478953172,23718.112532301257,0.0702502339074681,5,108,33.74447202682495,23707.378908298266,5.0,117.0,19.27409261576971,8145.381111090681,2.6282853566958693,4.303947494429837,-1.6756621377339673,2
33.79794120788574,1788289443.6769187,17.718291905672405,19.27409261576971,-1.555800710097305,5,112,117,12694.970778403687,11011.539246103552,23706.51002450724,0.0710113606161279,5,112,33.794657945632935,23718.112532301257,5.0,117.0,19.27409261576971,8156.114735093672,2.6282853566958693,4.311622035591975,-1.6833366788961062,2
33.84799289703369,1788289443.7269704,16.061185468451242,19.27409261576971,-3.212907147318468,5,112,117,12709.228904946276,11027.32153199636,23736.550436942634,0.0708572788374616,5,112,33.844709634780884,23736.550436942634,5.0,117.0,19.27409261576971,8174.5526397350495,2.6282853566958693,4.324805137410561,-1.6965197807146914,2
33.89798641204834,1788289443.776964,13.448056086679411,18.961201501877348,-5.513145415197934,12,228,117,13071.42299437832,11490.15986176065,24561.58285613897,0.0643795288715461,12,228,33.89470314979553,24561.58285613897,12.0,117.0,18.961201501877348,8999.585058931387,2.941176470588232,4.914703317135942,-1.9735268465477098,2
33.9482901096344,1788289443.8272676,12.173358827278522,17.647058823529413,-5.473699996250891,29,316,116,14454.140190111655,13115.398334086358,27569.53852419801,0.0485587328511238,29,316,33.94500684738159,27569.53852419801,13.0,117.0,17.647058823529413,12007.540726990426,4.255319148936167,8.935,-4.679680851063834,2
33.998186349868774,1788289443.877164,11.982154238368388,16.14518147684606,-4.163027238477671,13,248,117,18034.38911706743,16814.265537758587,34848.654654826016,0.0350120712375871,13,248,33.99490308761597,34848.654654826016,16.0,117.0,16.14518147684606,19286.65685761843,5.757196495619521,8.94443064508676,-3.1872341494672387,2
34.04826617240906,1788289443.9272437,11.982154238368388,15.39424280350438,-3.412088565135992,16,216,117,19817.02612399667,18600.53568579176,38417.56180978843,0.0316649568816458,16,216,34.04498291015625,38417.56180978843,23.0,117.0,15.39424280350438,22855.564012580842,6.5081351689612,8.946,-2.4378648310388,2
34.09823155403137,1788289443.977209,11.982154238368388,15.206508135168962,-3.224353896800574,24,216,117,20776.736573058857,19600.01637993158,40376.75295299044,0.0291435072675927,24,216,34.094948291778564,40376.75295299044,20.0,117.0,15.206508135168962,24814.755155782856,6.695869837296618,8.946,-2.250130162703382,2
34.148253202438354,1788289444.0272307,11.982154238368388,15.081351689612015,-3.099197451243628,23,208,117,21126.061779744272,19933.28567248229,41059.34745222656,0.0290500502632147,23,208,34.14496994018555,41059.34745222656,20.0,117.0,15.081351689612015,25497.349655018974,6.821026282853564,9.73529390251511,-2.914267619661546,2
34.19910907745361,1788289444.0780866,11.982154238368388,15.081351689612015,-3.099197451243628,20,212,117,21254.795677177688,20023.9088202328,41278.70449741049,0.0298189313819697,20,212,34.195825815200806,41278.70449741049,20.0,117.0,15.081351689612015,25716.7067002029,6.821026282853564,10.083413533222002,-3.2623872503684375,2
34.248982191085815,1788289444.1279595,11.918419375398342,15.081351689612015,-3.1629323142136734,20,212,116,21316.439853257667,20085.564356548617,41402.00420980629,0.0297298529431459,20,212,34.24569869041443,41402.00420980629,20.0,116.0,15.081351689612015,25840.006412598705,6.821026282853564,10.279090176794144,-3.4580638939405794,2
34.29857039451599,1788289444.177548,11.59974506054812,15.018773466833544,-3.419028406285424,19,212,116,21373.64178735719,20143.3221441442,41516.963931501385,0.0296341429311376,19,212,34.295287132263184,41516.963931501385,20.0,116.0,15.018773466833544,25954.966134293798,6.883604505632036,10.461531255124257,-3.577926749492221,2
34.34849047660828,1788289444.227468,11.47227533460803,14.893617021276595,-3.421341686668565,20,228,116,21517.934196004782,20324.75911415647,41842.69331016125,0.0285157332728044,20,228,34.34520721435547,41842.69331016125,20.0,116.0,14.893617021276595,26280.695512953665,7.008760951188984,10.888641214912294,-3.87988026372331,2
34.39924073219299,1788289444.2782185,11.408540471637986,14.580725907384233,-3.172185435746245,21,208,117,22401.24660822467,21334.17041933141,43735.41702755608,0.0243984455028959,21,208,34.395957708358765,43735.41702755608,20.0,117.0,14.580725907384233,28173.419230348496,7.321652065081347,12.083700119197532,-4.762048054116185,2
34.449058055877686,1788289444.3280356,11.408540471637986,14.580725907384233,-3.172185435746245,20,216,117,22509.408243808983,21493.402455554104,44002.810699363086,0.0230895656915294,20,216,34.44577479362488,44002.810699363086,21.0,117.0,14.580725907384233,28440.8129021555,7.321652065081347,12.104824219270284,-4.783172154188938,2
34.498913288116455,1788289444.3778908,11.344805608667942,14.580725907384233,-3.235920298716289,21,220,117,22554.342486606674,21633.069584770343,44187.41207137702,0.0208492160696846,21,220,34.49563002586365,44187.41207137702,21.0,117.0,14.580725907384233,28625.41427416943,7.321652065081347,12.119407727659386,-4.797755662578039,2
34.54907989501953,1788289444.4280574,11.281070745697896,14.580725907384233,-3.299655161686335,28,220,116,22584.996555796053,21656.901637475712,44241.898193271765,0.0209777373083301,28,220,34.545796632766724,44241.898193271765,22.0,116.0,14.580725907384233,28679.90039606418,7.321652065081347,12.12371213128907,-4.802060066207723,2
34.599250078201294,1788289444.4782276,11.281070745697896,14.580725907384233,-3.299655161686335,22,224,114,22661.122040207272,21754.293072717708,44415.41511292498,0.0204169873271245,22,224,34.595966815948486,44415.41511292498,23.0,116.0,14.580725907384233,28853.417315717394,7.321652065081347,12.137419967941675,-4.815767902860328,2
34.64913773536682,1788289444.5281153,11.026131293817718,14.518147684605756,-3.492016390788038,28,220,116,22701.98130091382,21814.939582495263,44516.92088340908,0.0199259450297953,28,220,34.645854473114014,44516.92088340908,28.0,116.0,14.518147684605756,28954.923086201496,7.384230287859824,12.145438923809918,-4.761208635950094,2
34.69932508468628,1788289444.5783026,9.36902485659656,14.392991239048811,-5.023966382452253,23,224,116,23051.66179091867,22230.773990140115,45282.43578105878,0.0181281723613005,23,224,34.69604182243347,45282.43578105878,28.0,116.0,14.392991239048811,29720.437983851196,7.509386733416768,12.205914600724244,-4.696527867307475,2
34.749178647994995,1788289444.6281562,7.138304652644997,14.080100125156443,-6.941795472511448,43,348,116,23458.052132555284,22710.790213904864,46168.84234646015,0.0161854159790886,43,348,34.74589538574219,46168.84234646015,43.0,116.0,14.080100125156443,30606.844549252564,7.822277847309136,12.228,-4.405722152690863,2
34.80163788795471,1788289444.6806154,5.608667941363926,12.828535669586984,-7.2198677282230594,55,408,115,26295.63906046506,26238.796305668173,52534.43536613323,0.0010820094363007,55,408,34.798354625701904,52534.43536613323,53.0,115.0,12.828535669586984,36972.43756892564,9.073842302878596,12.428531152840772,-3.3546888499621765,2
34.84944200515747,1788289444.7284195,4.716379859783301,11.639549436795996,-6.923169577012694,53,404,115,28920.056751642016,29280.68189947013,58200.738651112144,0.0061962297418578,53,404,34.84615874290466,58200.738651112144,55.0,115.0,11.639549436795996,42638.74085390456,10.262828535669584,13.0,-2.737171464330416,2
34.89930367469788,1788289444.7782812,4.1427660930529,10.888610763454318,-6.745844670401419,102,428,115,31773.83704803771,32648.277612027174,64422.11466006488,0.0135736085132195,102,428,34.89602041244507,64422.11466006488,66.0,115.0,10.888610763454318,48860.11686285729,11.013767209011261,14.587,-3.5732327909887385,2
34.94945192337036,1788289444.8284297,3.4416826003824093,10.387984981226534,-6.946302380844125,66,396,115,33081.356983587284,34111.68682747057,67193.04381105785,0.0153338766253914,66,396,34.94616889953613,67193.04381105785,77.0,115.0,10.387984981226534,51631.04601385027,11.514392991239045,14.587,-3.0726070087609543,2
34.999537229537964,1788289444.8785148,2.995538559592097,10.075093867334168,-7.079555307742071,86,464,114,34416.355552424546,35727.71288188691,70144.06843431146,0.0186951991627121,86,464,34.99625396728516,70144.06843431146,86.0,114.0,10.075093867334168,54582.07063710387,11.827284105131412,14.587,-2.759715894868588,2
35.04947876930237,1788289444.9284563,2.8680688336520075,9.637046307884855,-6.768977474232848,77,428,114,35535.31666081032,36949.44047344961,72484.75713425994,0.0195092577880888,77,428,35.04619550704956,72484.75713425994,86.0,114.0,9.637046307884855,56922.759337052354,12.265331664580724,14.636991742763362,-2.3716600781826376,2
35.09955191612244,1788289444.9785297,2.8680688336520075,9.449311639549435,-6.581242805897428,86,432,114,36466.77640741583,38037.71528629644,74504.49169371228,0.0210851566552353,86,432,35.09626889228821,74504.49169371228,86.0,114.0,9.449311639549435,58942.49389650469,12.453066332916144,14.689504841309123,-2.236438508392979,2
35.14970684051514,1788289445.0286844,2.8680688336520075,9.449311639549435,-6.581242805897428,94,436,114,36622.94613868812,38202.19751495073,74825.14365363885,0.0211058916715598,94,436,35.14642357826233,74825.14365363885,94.0,114.0,9.449311639549435,59263.14585643126,12.453066332916144,14.697841792267214,-2.24477545935107,2
35.19985628128052,1788289445.0788338,2.8680688336520075,9.449311639549435,-6.581242805897428,95,436,114,36764.28217930664,38393.05690594004,75157.33908524667,0.0216715326335059,95,436,35.19657301902771,75157.33908524667,94.0,114.0,9.449311639549435,59595.34128803908,12.453066332916144,14.706478873489017,-2.2534125405728727,2
35.25000286102295,1788289445.1289804,2.8680688336520075,9.449311639549435,-6.581242805897428,94,436,114,36834.42496583557,38468.98592081304,75303.4108866486,0.0217063335608782,94,436,35.24671959877014,75303.4108866486,94.0,114.0,9.449311639549435,59741.41308944102,12.453066332916144,14.710276740325467,-2.257210407409323,2
35.29986596107483,1788289445.1788435,2.8680688336520075,9.449311639549435,-6.581242805897428,97,436,114,36915.48434849606,38589.02544426751,75504.50979276357,0.0221647832740693,97,436,35.29658269882202,75504.50979276357,94.0,114.0,9.449311639549435,59942.51199555598,12.453066332916144,14.715505311884456,-2.262438978968312,2
35.349966287612915,1788289445.2289438,2.8680688336520075,9.449311639549435,-6.581242805897428,87,436,114,36962.05757575431,38645.68719931149,75607.7447750658,0.0222679518952193,87,436,35.34668302536011,75607.7447750658,89.0,114.0,9.449311639549435,60045.746977858216,12.453066332916144,14.718738385158613,-2.2656720522424685,2
35.40002942085266,1788289445.279007,2.8680688336520075,9.449311639549435,-6.581242805897428,87,436,114,36975.52816216701,38689.50609900401,75665.03426117101,0.0226521794851887,87,436,35.39674615859985,75665.03426117101,87.0,114.0,9.449311639549435,60103.03646396342,12.453066332916144,14.72091538563061,-2.2678490527144657,2
35.450191020965576,1788289445.3291686,3.250478011472276,9.449311639549435,-6.19883362807716,89,436,114,36995.0579787789,38766.13167913808,75761.18965791698,0.0233770576776324,89,436,35.44690775871277,75761.18965791698,87.0,114.0,9.449311639549435,60199.1918607094,12.453066332916144,14.724569290706958,-2.2715029577908137,2
35.49998927116394,1788289445.3789668,3.4416826003824093,9.449311639549435,-6.007629039167027,71,396,114,37034.55614986805,38809.06422244223,75843.62037231028,0.02339693258132,71,396,35.49670600891113,75843.62037231028,76.0,114.0,9.449311639549435,60281.622575102694,12.453066332916144,14.727701657853903,-2.2746353249377584,2
35.550164222717285,1788289445.4291418,3.5054174633524537,9.449311639549435,-5.943894176196982,76,400,114,37071.50852462095,38845.73244415237,75917.24096877332,0.0233705005199174,76,400,35.54688096046448,75917.24096877332,71.0,114.0,9.449311639549435,60355.24317156573,12.453066332916144,14.730499240519498,-2.2774329076033535,2
35.60031819343567,1788289445.4792955,3.632887189292543,9.449311639549435,-5.816424450256893,71,392,114,37118.23492598521,38915.56401810038,76033.79894408559,0.0236385543939071,71,392,35.59703469276428,76033.79894408559,71.0,114.0,9.449311639549435,60471.801146878,12.453066332916144,14.734928443581364,-2.2818621106652195,2
35.65028381347656,1788289445.5292614,4.588910133843212,9.449311639549435,-4.860401505706223,66,384,114,37141.13710456155,38927.06030729343,76068.19741185498,0.0234779219633978,66,384,35.647000551223755,76068.19741185498,66.0,114.0,9.449311639549435,60506.1996146474,12.453066332916144,14.736235585356601,-2.283169252440457,2
38.75459837913513,1788289448.633576,18.036966220522626,21.339173967459324,-3.3022077469366984,2,140,118,10762.990618114074,8702.856242499807,19465.84686061388,0.1058332776562949,2,140,38.75131511688232,19465.84686061388,6.0,117.0,21.339173967459324,0.0,0.0,0.011,-0.011,3
38.80459785461426,1788289448.6835754,17.97323135755258,20.40050062578223,-2.427269268229648,6,164,117,12016.366176777903,9873.762316782222,21890.12849356013,0.0978799124283814,6,164,38.80131459236145,21890.12849356013,4.0,117.0,20.40050062578223,2424.2816329462476,0.9386733416770952,2.315,-1.3763266583229048,3
38.854841232299805,1788289448.7338188,17.39961759082218,19.899874843554443,-2.5002572527322613,6,128,118,13519.20702686705,11182.927265725144,24702.1342925922,0.0945780527896539,6,128,38.851557970047,24702.1342925922,6.0,117.0,19.899874843554443,5236.287431978319,1.4392991239048811,2.665126586887805,-1.2258274629829238,3
38.904916286468506,1788289448.7838938,16.252390057361378,19.524405506883603,-3.2720154495222253,0,152,117,14027.099580010006,11615.944157149252,25643.04373715926,0.0940276609740658,0,152,38.9016330242157,25643.04373715926,6.0,117.0,19.524405506883603,6177.1968765453785,1.8147684605757206,2.867270957953007,-1.0525024973772865,3
38.95489501953125,1788289448.8338726,14.977692797960485,18.961201501877348,-3.983508703916863,13,204,117,15311.649315089928,12718.108776558443,28029.75809164837,0.0925281099484138,13,204,38.95161175727844,28029.75809164837,13.0,117.0,18.961201501877348,8563.91123103449,2.3779724655819763,4.603196530189661,-2.2252240646076844,3
39.00533652305603,1788289448.884314,14.08540471637986,18.21026282853567,-4.12485811215581,19,248,116,16772.07338478108,13866.822773658016,30638.896158439096,0.0948223002584527,19,248,39.00205326080322,30638.896158439096,13.0,117.0,18.21026282853567,11173.049297825215,3.1289111389236552,7.079322624319783,-3.9504114853961276,3
39.05499267578125,1788289448.9339702,13.83046526449968,17.334167709637047,-3.5037024451373657,13,212,117,19331.551463142096,15969.587858919596,35301.13932206169,0.0952366883558746,13,212,39.05170941352844,35301.13932206169,16.0,117.0,17.334167709637047,15835.292461447807,4.005006257822277,8.936837643415185,-4.931831385592908,3
39.10516548156738,1788289448.984143,13.702995538559591,16.83354192740926,-3.130546388849668,20,192,117,20577.319412457928,17113.454070797026,37690.77348325496,0.0919022089902136,20,192,39.101882219314575,37690.77348325496,19.0,117.0,16.83354192740926,18224.92662264108,4.505632040050063,8.94209483856981,-4.436462798519747,3
39.155009508132935,1788289449.033987,13.702995538559591,16.64580725907384,-2.942811720514248,16,200,116,21511.46300283148,17924.01192693642,39435.47492976789,0.0909701501575443,16,200,39.15172624588013,39435.47492976789,16.0,117.0,16.64580725907384,19969.628069154012,4.693366708385483,8.945933181752139,-4.252566473366656,3
39.20525479316712,1788289449.0842323,13.702995538559591,16.520650813516895,-2.8176552749573016,22,192,117,21866.46524496945,18287.45589007605,40153.9211350455,0.0891322504433999,22,192,39.20197153091431,40153.9211350455,20.0,116.0,16.520650813516895,20688.07427443162,4.818523153942429,8.946,-4.12747684605757,3
39.255314350128174,1788289449.134292,13.639260675589547,16.520650813516895,-2.8813901379273457,16,196,116,21964.35345144292,18416.915196885977,40381.26864832889,0.087848608359751,16,196,39.252031087875366,40381.26864832889,22.0,116.0,16.520650813516895,20915.42178771501,4.818523153942429,8.946,-4.12747684605757,3
39.30552959442139,1788289449.1845071,13.639260675589547,16.520650813516895,-2.8813901379273457,24,200,116,22022.61522602396,18490.397774306864,40513.01300033083,0.0871872317096793,24,200,39.30224633216858,40513.01300033083,22.0,116.0,16.520650813516895,21047.16613971695,4.818523153942429,8.946,-4.12747684605757,3
39.35541868209839,1788289449.2343962,13.001912045889105,16.520650813516895,-3.5187387676277915,22,200,117,22070.17113539467,18539.950752500867,40610.12188789554,0.0869295687572422,22,200,39.35213541984558,40610.12188789554,22.0,116.0,16.520650813516895,21144.27502728166,4.818523153942429,8.946,-4.12747684605757,3
39.40552043914795,1788289449.284498,11.47227533460803,16.33291614518148,-4.860640810573448,22,256,116,22189.154639430744,18681.20372598528,40870.358365416025,0.0858311757895875,22,256,39.40223717689514,40870.358365416025,24.0,116.0,16.33291614518148,21404.511504802143,5.0062578222778455,8.946,-3.939742177722154,3
39.4555230140686,1788289449.3345006,9.94263862332696,15.707133917396746,-5.764495294069786,40,328,116,23821.51017359093,20215.10196742631,44036.61214101724,0.0818956779557863,40,328,39.4522397518158,44036.61214101724,39.0,116.0,15.707133917396746,24570.76528040336,5.632040050062578,8.946,-3.3139599499374217,3
39.5062518119812,1788289449.385229,9.177820267686425,14.705882352941178,-5.528062085254753,39,320,116,25689.78063613632,22407.36177825465,48097.14241439097,0.0682456107184353,39,320,39.50296831130981,48097.14241439097,39.0,116.0,14.705882352941178,28631.295553777087,6.633291614518146,12.11987234874839,-5.486580734230243,3
39.55583190917969,1788289449.4348094,9.050350541746337,13.829787234042554,-4.779436692296219,40,308,116,28356.538123184742,25644.87384117829,54001.41196436304,0.0502146922342688,40,308,39.55254864692688,54001.41196436304,40.0,116.0,13.829787234042554,34535.56510374916,7.50938673341677,12.228,-4.71861326658323,3
39.60566210746765,1788289449.4846396,9.050350541746337,13.391739674593245,-4.341389132846908,32,288,116,28895.107434319525,27033.439223117497,55928.54665743702,0.0332865472547457,32,288,39.60237884521485,55928.54665743702,39.0,116.0,13.391739674593245,36462.699796823144,7.947434292866079,12.376707812677019,-4.429273519810939,3
39.6557457447052,1788289449.5347233,9.050350541746337,13.266583229036296,-4.216232687289962,45,284,117,29167.26919021729,27799.77055504581,56967.0397452631,0.0240050850682511,45,284,39.65246248245239,56967.0397452631,35.0,116.0,13.266583229036296,37501.19288464922,8.072590738423028,12.48228794327267,-4.409697204849643,3
39.70579123497009,1788289449.5847688,9.050350541746337,13.266583229036296,-4.216232687289962,34,284,116,29267.36647878986,27918.86895095557,57186.23542974543,0.0235808060751079,34,284,39.702507972717285,57186.23542974543,35.0,116.0,13.266583229036296,37720.38856913155,8.072590738423028,12.504572837861707,-4.431982099438679,3
39.75642371177673,1788289449.6354012,9.050350541746337,13.266583229036296,-4.216232687289962,35,284,116,29360.319355831325,28049.704343135305,57410.02369896663,0.0228290275504556,35,284,39.753140449523926,57410.02369896663,35.0,116.0,13.266583229036296,37944.17683835275,8.072590738423028,12.527324645232529,-4.454733906809501,3
39.805909395217896,1788289449.684887,8.922880815806247,13.266583229036296,-4.34370241323005,39,284,116,29417.88259044113,28134.808387004334,57552.69097744547,0.0222939046228025,39,284,39.80262613296509,57552.69097744547,35.0,116.0,13.266583229036296,38086.84411683159,8.072590738423028,12.533,-4.460409261576972,3
39.85592412948608,1788289449.7349017,7.966857871255577,13.20400500625782,-5.237147135002244,35,288,117,29511.00493451808,28262.71844010055,57773.72337461863,0.0216064747346009,35,288,39.85264086723328,57773.72337461863,39.0,116.0,13.20400500625782,38307.87651400475,8.135168961201504,12.533,-4.397831038798495,3
39.90621972084045,1788289449.7851973,5.289993626513703,13.016270337922403,-7.7262767114087,44,352,116,29642.058631257885,28487.719357997263,58129.77798925515,0.0198579680361757,44,352,39.90293645858765,58129.77798925515,44.0,116.0,13.016270337922403,38663.93112864127,8.32290362953692,12.533,-4.210096370463079,3
39.95616316795349,1788289449.8351407,2.613129381771829,12.3279098873592,-9.71478050558737,83,468,114,31652.953921612858,30735.03274560184,62387.9866672147,0.0147131078441002,83,468,39.95287990570069,62387.9866672147,83.0,114.0,12.3279098873592,42922.139806600826,9.011264080100124,13.0,-3.9887359198998755,3
40.00635099411011,1788289449.8853283,2.103250478011472,11.076345431789738,-8.973094953778265,96,500,114,34358.757547436144,33696.55659736116,68055.3141447973,0.0097303341905976,96,500,40.00306749343872,68055.3141447973,96.0,114.0,11.076345431789738,48589.467284183425,10.262828535669586,14.587,-4.324171464330414,3
40.05630803108215,1788289449.9352856,2.294455066921606,10.075093867334168,-7.780638800412562,107,500,113,37950.58660154906,37745.20084587701,75695.78744742606,0.0027133049618474,107,500,40.05302476882935,75695.78744742606,106.0,113.0,10.075093867334168,56229.94058681218,11.264080100125156,14.618978455257118,-3.3548983551319616,3
40.10646462440491,1788289449.9854422,2.294455066921606,9.637046307884855,-7.342591240963249,106,476,113,39738.03561732611,39640.0652653007,79378.10088262681,0.0012342239350154,106,476,40.1031813621521,79378.10088262681,106.0,113.0,9.637046307884855,59912.25402201293,11.702127659574469,14.714718604572337,-3.012590944997868,3
40.15648102760315,1788289450.0354586,2.294455066921606,9.574468085106384,-7.2800130181847775,106,480,113,40201.61238595053,40541.898827704994,80743.51121365553,0.0042144122374617,106,480,40.15319776535034,80743.51121365553,106.0,113.0,9.574468085106384,61277.66435304165,11.76470588235294,14.765551245415582,-3.0008453630626413,3
40.2066445350647,1788289450.085622,2.294455066921606,9.574468085106384,-7.2800130181847775,104,480,113,40333.21549743165,40925.94907809152,81259.16457552317,0.007294359765525,104,480,40.20336127281189,81259.16457552317,106.0,113.0,9.574468085106384,61793.317714909295,11.76470588235294,14.785146073166553,-3.0204401908136127,3
40.25654363632202,1788289450.1355212,2.294455066921606,9.574468085106384,-7.2800130181847775,110,480,113,40472.85289485322,41257.10011815018,81729.9530130034,0.0095955912659362,110,480,40.253260374069214,81729.9530130034,109.0,113.0,9.574468085106384,62264.10615238952,11.76470588235294,14.836445462068076,-3.0717395797151354,3
40.3065927028656,1788289450.1855702,2.294455066921606,9.574468085106384,-7.2800130181847775,109,480,113,40547.74003578254,41370.70846350731,81918.44849928985,0.0100461915820086,109,480,40.30330944061279,81918.44849928985,109.0,113.0,9.574468085106384,62452.60163867597,11.76470588235294,14.867452969562198,-3.1027470872092575,3
40.35659384727478,1788289450.2355714,2.294455066921606,9.574468085106384,-7.2800130181847775,109,480,113,40645.66033028865,41550.00720070905,82195.6675309977,0.0110023666403019,109,480,40.35331058502197,82195.6675309977,109.0,113.0,9.574468085106384,62729.82067038382,11.76470588235294,14.913055500278139,-3.1483496179251986,3
40.40689945220947,1788289450.285877,2.294455066921606,9.574468085106384,-7.2800130181847775,107,480,113,40676.65223631038,41621.88069223676,82298.53292854714,0.0114853621600647,107,480,40.403616189956665,82298.53292854714,109.0,113.0,9.574468085106384,62832.68606793326,11.76470588235294,14.92997685817502,-3.1652709758220805,3
40.45689582824707,1788289450.3358734,2.294455066921606,9.574468085106384,-7.2800130181847775,109,480,113,40758.62712087585,41731.37020924164,82489.99733011749,0.0117922550593978,109,480,40.45361256599426,82489.99733011749,107.0,113.0,9.574468085106384,63024.15046950361,11.76470588235294,14.961472752233345,-3.1967668698804044,3
40.50703001022339,1788289450.3860075,2.294455066921606,9.574468085106384,-7.2800130181847775,102,480,113,40795.13936604588,41778.74530357441,82573.88466962028,0.0119118283155014,102,480,40.50374674797058,82573.88466962028,107.0,113.0,9.574468085106384,63108.037809006404,11.76470588235294,14.975272219581553,-3.210566337228613,3
40.55687952041626,1788289450.435857,2.294455066921606,9.574468085106384,-7.2800130181847775,101,480,113,40875.843237184665,41896.19654245162,82772.03977963628,0.0123272702712587,101,480,40.55359625816345,82772.03977963628,109.0,113.0,9.574468085106384,63306.192919022404,11.76470588235294,15.007868735179185,-3.243162852826245,3
40.60695290565491,1788289450.4859304,2.294455066921606,9.574468085106384,-7.2800130181847775,114,480,113,40882.88461299092,41954.28051517828,82837.1651281692,0.0129337586641171,114,480,40.6036696434021,82837.1651281692,102.0,113.0,9.574468085106384,63371.318267555325,11.76470588235294,15.018581855012851,-3.2538759726599107,3
40.65717434883118,1788289450.536152,2.3581899298916507,9.574468085106384,-7.216278155214733,110,480,113,40948.88103294945,42056.32462510994,83005.20565805939,0.013341857096561,110,480,40.65389108657837,83005.20565805939,101.0,113.0,9.574468085106384,63539.358797445515,11.76470588235294,15.046224522179786,-3.281518639826846,3
40.70728349685669,1788289450.586261,2.5493945188017846,9.574468085106384,-7.025073566304599,100,476,114,40977.37529333455,42114.1222258497,83091.49751918425,0.0136806648869542,100,476,40.70400023460388,83091.49751918425,100.0,114.0,9.574468085106384,63625.650658570376,11.76470588235294,15.060419533334827,-3.2957136509818863,3
40.75729966163635,1788289450.6362772,4.525175270873167,9.574468085106384,-5.049292814233216,97,464,114,41004.05718498072,42147.27583505872,83151.33302003943,0.0137486509062035,97,464,40.754016399383545,83125.78909325956,97.0,114.0,9.574468085106384,63659.942232645684,11.76470588235294,15.066060497270215,-3.3013546149172743,3
45.21327304840088,1788289455.0922506,22.11599745060548,23.02878598247809,-0.912788531872618,2,64,118,9094.851656954776,7063.647646911719,16158.499303866494,0.1257049910295208,2,64,45.20998978614807,16158.499303866494,1.0,118.0,23.02878598247809,0.0,0.0,0.011,-0.011,4
45.26330542564392,1788289455.142283,22.11599745060548,22.84105131414268,-0.7250538635371981,1,56,118,9302.772032483304,7307.4693587970705,16610.241391280375,0.1201248450689991,1,56,45.26002216339111,16610.241391280375,1.0,118.0,22.84105131414268,451.74208741388065,0.18773466833541264,0.02997316767138299,0.15776150066402964,4
45.31344771385193,1788289455.1924253,22.11599745060548,22.84105131414268,-0.7250538635371981,1,60,118,9336.834216591047,7443.238750686282,16780.07296727733,0.1128478683970831,1,60,45.31016445159912,16780.07296727733,2.0,118.0,22.84105131414268,621.5736634108362,0.18773466833541264,0.13266299330417236,0.055071675031240275,4
45.363380908966064,1788289455.2423584,22.11599745060548,22.84105131414268,-0.7250538635371981,2,60,118,9325.489491202685,7468.450267263401,16793.939758466084,0.1105779376755903,2,60,45.36009764671326,16793.939758466084,2.0,118.0,22.84105131414268,635.4404545995894,0.18773466833541264,0.14414469640846006,0.043589971926952575,4
45.41341805458069,1788289455.2923956,21.988527724665392,22.84105131414268,-0.8525235894772862,2,60,118,9294.685104966944,7509.023381382212,16803.708486349155,0.1062659308232674,2,60,45.41013479232788,16803.708486349155,2.0,118.0,22.84105131414268,645.2091824826603,0.18773466833541264,0.1522332030956427,0.035501465239769936,4
45.46379852294922,1788289455.342776,21.733588272785216,22.84105131414268,-1.1074630413574624,2,68,118,9299.982538194325,7521.201009729431,16821.183547923752,0.1057465144112554,2,68,45.46051526069641,16821.183547923752,2.0,118.0,22.84105131414268,662.6842440572582,0.18773466833541264,0.1667025540794098,0.02103211425600285,4
45.51365351676941,1788289455.392631,21.54238368387508,22.71589486858573,-1.1735111847106516,2,68,117,9440.446098002123,7726.090442347624,17166.53654034975,0.0998661350019514,2,68,45.5103702545166,17166.53654034975,2.0,118.0,22.71589486858573,1008.0372364832547,0.3128911138923627,0.4705778691657928,-0.15768675527343012,4
45.56383681297302,1788289455.4428144,21.47864882090504,22.46558197747184,-0.9869331565668062,2,72,118,9756.218968017149,8003.738572132523,17759.95754014967,0.0986759338766896,2,72,45.560553550720215,17759.95754014967,2.0,118.0,22.46558197747184,1601.4582362831752,0.5632040050062521,2.0439916006725594,-1.4807875956663072,4
45.61380362510681,1788289455.4927812,21.47864882090504,22.34042553191489,-0.8617767110098562,1,64,118,10023.3022886422,8269.302733419621,18292.60502206182,0.0958857173763476,1,64,45.610520362854,18292.60502206182,2.0,118.0,22.34042553191489,2134.1057181953256,0.6883604505632022,2.315,-1.6266395494367978,4
45.66394400596619,1788289455.5429215,21.414913957934992,22.34042553191489,-0.9255115739799002,2,72,118,10032.7179476606,8279.947095637348,18312.665043297948,0.0957135866286556,2,72,45.66066074371338,18312.665043297948,2.0,118.0,22.34042553191489,2154.1657394314534,0.6883604505632022,2.315,-1.6266395494367978,4
45.71400475502014,1788289455.5929823,21.351179094964944,22.34042553191489,-0.9892464369499478,2,72,118,10034.649063559182,8303.843783290706,18338.492846849887,0.0943809992851068,2,72,45.71072149276733,18338.492846849887,2.0,118.0,22.34042553191489,2179.993542983393,0.6883604505632022,2.315,-1.6266395494367978,4
45.76400446891785,1788289455.642982,21.2874442319949,22.34042553191489,-1.052981299919992,3,80,118,10040.061526184089,8311.42881005973,18351.49033624382,0.094195767452758,3,80,45.76072120666504,18351.49033624382,2.0,118.0,22.34042553191489,2192.9910323773256,0.6883604505632022,2.315,-1.6266395494367978,4
45.81389546394348,1788289455.692873,20.140216698534097,22.215269086357942,-2.075052387823849,2,68,118,10287.110866021196,8528.38708188065,18815.497947901844,0.0934720829079447,2,68,45.810612201690674,18815.497947901844,3.0,118.0,22.215269086357942,2656.9986440353496,0.8135168961201487,2.315,-1.5014831038798513,4
45.86395978927612,1788289455.742937,18.291905672402805,21.90237797246558,-3.6104723000627743,7,172,117,10531.917330246237,8733.248776656346,19265.16610690258,0.0933637708395069,7,172,45.860676288604736,19265.16610690258,6.0,118.0,21.90237797246558,3106.666803036085,1.1264080100125113,2.3521200474565576,-1.2257120374440462,4
45.91415095329285,1788289455.7931285,17.52708731676227,21.151439299123904,-3.6243519823616346,11,224,117,12129.024357476868,10074.049218978107,22203.07357645497,0.0925536336860108,11,224,45.91086769104004,22203.07357645497,7.0,117.0,21.151439299123904,6044.5742725884775,1.8773466833541868,2.7211208483925025,-0.8437741650383157,4
45.96416163444519,1788289455.8431392,17.590822179732314,19.899874843554443,-2.309052663822129,6,152,118,13985.497949851902,11709.674608157144,25695.17255800905,0.0885700742642179,6,152,45.96087837219238,25695.17255800905,8.0,117.0,19.899874843554443,9536.673254142555,3.128911138923648,5.742550157887821,-2.6136390189641725,4
46.01414132118225,1788289455.8931189,17.590822179732314,19.524405506883603,-1.9335833271512897,8,128,117,15292.68152022311,12842.695077475551,28135.37659769866,0.087078501837006,8,128,46.01085805892944,28135.37659769866,8.0,118.0,19.524405506883603,11976.877293832167,3.5043804755944876,8.883112647359384,-5.378732171764897,4
46.064430236816406,1788289455.9434078,17.590822179732314,19.524405506883603,-1.9335833271512897,9,136,118,15367.148407611228,12893.46836931804,28260.616776929262,0.0875309996883221,9,136,46.0611469745636,28260.616776929262,6.0,118.0,19.524405506883603,12102.117473062768,3.5043804755944876,8.935,-5.430619524405513,4
46.11414885520935,1788289455.9931264,17.590822179732314,19.39924906132666,-1.8084268815943467,6,124,118,15676.466529325522,13162.918265438757,28839.38479476428,0.0871567920666288,6,124,46.11086559295654,28839.38479476428,7.0,118.0,19.39924906132666,12680.885490897785,3.6295369211514306,8.935,-5.30546307884857,4
46.164464712142944,1788289456.0434422,17.590822179732314,19.336670838548184,-1.74584865881587,5,124,118,15894.584757742685,13318.835122501025,29213.419880243702,0.0881700823046593,5,124,46.16118144989014,29213.419880243702,7.0,118.0,19.336670838548184,13054.920576377208,3.6921151439299074,8.935,-5.242884856070093,4
46.21429657936096,1788289456.093274,17.590822179732314,19.336670838548184,-1.74584865881587,7,124,117,15941.42183860845,13339.63686221899,29281.05870082744,0.0888555636929869,7,124,46.21101331710816,29281.05870082744,7.0,117.0,19.336670838548184,13122.559396960947,3.6921151439299074,8.935,-5.242884856070093,4
46.26453733444214,1788289456.1435149,17.52708731676227,19.336670838548184,-1.809583521785914,7,128,117,15956.216904094055,13358.882766161489,29315.099670255546,0.0886005562712768,7,128,46.26125407218933,29315.099670255546,7.0,117.0,19.336670838548184,13156.600366389051,3.6921151439299074,8.935,-5.242884856070093,4
46.31463360786438,1788289456.1936111,17.208413001912046,19.336670838548184,-2.1282578366361378,7,128,117,15993.082315508798,13376.239564415326,29369.32187992412,0.0891012316114202,7,128,46.31135034561157,29369.32187992412,7.0,117.0,19.336670838548184,13210.822576057624,3.6921151439299074,8.935,-5.242884856070093,4
46.36467409133911,1788289456.2436516,17.144678138942,19.21151439299124,-2.066836254049236,7,160,116,16158.278534757756,13501.106302660955,29659.384837418715,0.0895895935354827,7,160,46.361390829086304,29659.384837418715,7.0,117.0,19.21151439299124,13500.88553355222,3.8172715894868503,8.935,-5.11772841051315,4
46.41484236717224,1788289456.29382,17.144678138942,18.961201501877348,-1.8165233629353457,6,128,117,16867.784018139366,14098.89102329067,30966.67504143004,0.0894152501404887,6,128,46.41155910491944,30966.67504143004,7.0,117.0,18.961201501877348,14808.175737563546,4.067584480600743,8.935,-4.867415519399257,4
46.46470546722412,1788289456.343683,17.080943275971958,18.961201501877348,-1.88025822590539,8,140,118,16939.46137329747,14141.2686601261,31080.73003342357,0.0900298258812534,8,140,46.46142220497131,31080.73003342357,8.0,118.0,18.961201501877348,14922.230729557075,4.067584480600743,8.935,-4.867415519399257,4
46.51493573188782,1788289456.3939133,17.01720841300191,18.961201501877348,-1.943993088875437,9,136,118,17015.75106711579,14167.890714405246,31183.64178152104,0.0913254575159385,9,136,46.51165246963501,31183.64178152104,8.0,118.0,18.961201501877348,15025.142477654546,4.067584480600743,8.93505531345084,-4.867470832850097,4
46.56507229804993,1788289456.4440498,17.01720841300191,18.89862327909887,-1.8814148660969607,8,132,118,17048.780049883866,14171.090606234462,31219.870656118328,0.0921749316435892,8,132,46.56178903579712,31219.870656118328,8.0,118.0,18.89862327909887,15061.371352251834,4.13016270337922,8.935135016974954,-4.804972313595734,4
46.61508297920227,1788289456.4940605,17.01720841300191,18.89862327909887,-1.8814148660969607,8,136,117,17139.854077122618,14192.945260450142,31332.79933757276,0.094051884254679,8,136,46.61179971694946,31332.79933757276,9.0,117.0,18.89862327909887,15174.300033706266,4.13016270337922,8.935383460074155,-4.8052207566949345,4
46.66529560089111,1788289456.5442731,17.01720841300191,18.89862327909887,-1.8814148660969607,9,136,117,17167.840427511084,14187.362626035614,31355.2030535467,0.095055286243421,9,136,46.66201233863831,31355.2030535467,8.0,117.0,18.89862327909887,15196.703749680204,4.13016270337922,8.935432748249298,-4.805270044870078,4
46.71543478965759,1788289456.5944123,17.01720841300191,18.89862327909887,-1.8814148660969607,10,136,117,17189.11016574292,14181.7459558091,31370.856121552024,0.0958649071699301,10,136,46.71215152740479,31370.856121552024,9.0,117.0,18.89862327909887,15212.35681768553,4.13016270337922,8.935467184998908,-4.805304481619688,4
46.76514482498169,1788289456.6441224,17.01720841300191,18.89862327909887,-1.8814148660969607,8,136,118,17208.791385254033,14170.818892103754,31379.610277357788,0.0968135826512272,8,136,46.76186156272888,31379.610277357788,9.0,117.0,18.89862327909887,15221.110973491293,4.13016270337922,8.93548644414168,-4.805323740762461,4
46.815489768981934,1788289456.6944673,16.953473550031866,18.89862327909887,-1.9451497290670048,10,136,117,17211.977330171037,14202.09516819755,31414.072498368587,0.0958131793364199,10,136,46.812206506729126,31414.072498368587,10.0,117.0,18.89862327909887,15255.573194502093,4.13016270337922,8.935562261027904,-4.805399557648684,4
46.86568021774292,1788289456.7446578,16.953473550031866,18.89862327909887,-1.9451497290670048,8,140,117,17262.309604616246,14222.500124480095,31484.80972909634,0.0965484468952322,8,140,46.86239695549011,31484.80972909634,8.0,117.0,18.89862327909887,15326.310425229847,4.13016270337922,8.935717882935506,-4.805555179556286,4
46.91545653343201,1788289456.794434,16.698534098151686,18.89862327909887,-2.2000891809471845,11,140,117,17291.59165541837,14243.074947109131,31534.666602527504,0.0966719181380183,11,140,46.9121732711792,31534.666602527504,10.0,117.0,18.89862327909887,15376.16729866101,4.13016270337922,8.935827568057055,-4.805664864677835,4
46.96550965309143,1788289456.8444872,15.16889738687062,18.71088861076345,-3.5419912238928344,6,136,117,17635.761517494906,14531.76196202039,32167.523479515294,0.0964948252062731,6,136,46.96222639083862,32167.523479515294,11.0,117.0,18.71088861076345,16009.0241756488,4.31789737171464,8.937219853186427,-4.619322481471787,4
47.01576662063599,1788289456.8947442,13.448056086679411,18.39799749687109,-4.949941410191675,24,260,116,18665.6150417712,15352.12510753432,34017.74014930552,0.0974047635055652,24,260,47.01248335838318,34017.74014930552,21.0,117.0,18.39799749687109,17859.240845439028,4.6307884856070025,8.941290329859966,-4.310501844252963,4
47.06577944755554,1788289456.944757,12.938177182919055,17.334167709637047,-4.395990526717991,21,280,117,20646.264145888515,17070.052667344877,37716.3168132334,0.0948186827534778,21,280,47.062496185302734,37716.3168132334,23.0,117.0,17.334167709637047,21557.81750936691,5.694618272841044,8.946,-3.2513817271589556,4
47.11575102806091,1788289456.9947286,12.810707456978967,16.39549436795995,-3.584786910980984,24,228,116,23691.90832009869,19652.29559272432,43344.20391282301,0.0931984524505083,24,228,47.112467765808105,43344.20391282301,23.0,116.0,16.39549436795995,27185.704608956516,6.633291614518139,11.85014024441826,-5.21684862990012,4
47.16588306427002,1788289457.0448606,12.68323773103888,16.082603254067585,-3.399365523028706,23,212,117,24591.940261527707,20453.970822297084,45045.91108382479,0.0918611554227503,23,212,47.16259980201721,45045.91108382479,21.0,117.0,16.082603254067585,28887.411779958293,6.9461827284105055,12.140105530616704,-5.193922802206199,4
47.21632099151611,1788289457.0952983,12.68323773103888,15.894868585732166,-3.2116308546932864,19,216,116,25311.38703594977,21124.417044922488,46435.80408087226,0.0901668459048385,19,216,47.21303749084473,46435.80408087226,21.0,117.0,15.894868585732166,30277.304777005764,7.133917396745925,12.228,-5.0940826032540745,4
47.26598739624024,1788289457.144965,12.68323773103888,15.83229036295369,-3.149052631914812,21,216,117,25562.25563397416,21358.04161309853,46920.29724707269,0.0896033117338769,21,216,47.26270413398743,46920.29724707269,21.0,117.0,15.83229036295369,30761.797943206195,7.1964956195244,12.228,-5.0315043804755994,4
47.31596565246582,1788289457.1949432,12.68323773103888,15.83229036295369,-3.149052631914812,19,216,117,25672.520911147185,21457.747219573328,47130.26813072051,0.0894281712950106,19,216,47.31268239021301,47130.26813072051,21.0,117.0,15.83229036295369,30971.76882685402,7.1964956195244,12.228,-5.0315043804755994,4
47.36617469787598,1788289457.2451522,12.619502868068832,15.83229036295369,-3.212787494884859,26,216,117,25706.042359011848,21492.231536624608,47198.273895636456,0.0892789179473958,26,216,47.36289143562317,47198.273895636456,21.0,117.0,15.83229036295369,31039.77459176996,7.1964956195244,12.228,-5.0315043804755994,4
47.41631817817688,1788289457.2952957,12.619502868068832,15.83229036295369,-3.212787494884859,21,220,116,25792.426030664425,21558.669576082146,47351.095606746574,0.0894120062129893,21,220,47.41303491592407,47351.095606746574,22.0,116.0,15.83229036295369,31192.59630288008,7.1964956195244,12.228,-5.0315043804755994,4
47.466142416000366,1788289457.34512,12.492033142128744,15.83229036295369,-3.340257220824947,22,220,116,25828.39785617484,21586.974968453946,47415.37282462878,0.0894524841849982,22,220,47.46285915374756,47415.37282462878,26.0,116.0,15.83229036295369,31256.873520762285,7.1964956195244,12.228,-5.0315043804755994,4
47.51627326011658,1788289457.3952508,11.536010197578076,15.83229036295369,-4.296280165375615,31,228,116,25884.23197968061,21630.22362621208,47514.4556058927,0.0895308238139837,31,228,47.51298999786377,47514.4556058927,31.0,116.0,15.83229036295369,31355.956302026203,7.1964956195244,12.228,-5.0315043804755994,4
47.56645178794861,1788289457.445429,9.11408540471638,15.5819774718398,-6.467892067123421,34,300,116,26114.55573974608,21864.56078471142,47979.116524457495,0.0885801003206929,34,300,47.56316828727722,47979.116524457495,34.0,116.0,15.5819774718398,31820.617220591,7.4468085106382915,12.228,-4.781191489361708,4
47.61644411087036,1788289457.4954216,7.202039515615041,14.893617021276595,-7.691577505661554,56,404,116,28330.206241080832,24214.656546804446,52544.86278788528,0.0783244921751944,56,404,47.613160848617554,52544.86278788528,56.0,116.0,14.893617021276595,36386.36348401879,8.135168961201495,12.368946954208576,-4.233777993007081,4
47.66651582717896,1788289457.5454934,6.373486297004462,13.32916145181477,-6.955675154810308,68,428,115,31359.85419539497,27580.4765708946,58940.33076628957,0.0641220973035657,68,428,47.66323256492615,58940.33076628957,65.0,115.0,13.32916145181477,42781.83146242307,9.699624530663321,13.0,-3.3003754693366787,4
47.71679759025574,1788289457.5957751,5.927342256214149,12.265331664580724,-6.337989408366576,65,388,115,35260.498168368766,31609.045180585188,66869.54334895396,0.0546056217062636,65,388,47.71351432800293,66869.54334895396,68.0,115.0,12.265331664580724,50711.04404508746,10.763454317897367,14.587,-3.8235456821026332,4
47.76696467399597,1788289457.6459422,5.863607393244105,11.702127659574469,-5.838520266330364,68,380,115,36729.59546271879,33075.378837939206,69804.974300658,0.0523489430572734,68,380,47.76368141174317,69804.974300658,68.0,115.0,11.702127659574469,53646.4749967915,11.326658322903622,14.587,-3.2603416770963776,4
47.81678295135498,1788289457.6957605,5.79987253027406,11.639549436795996,-5.839676906521936,70,384,115,37398.769319697065,33817.50721930666,71216.27653900372,0.0502871292130671,70,384,47.81349968910217,71216.27653900372,68.0,115.0,11.639549436795996,55057.777235137226,11.389236545682095,14.588502208113567,-3.199265662431472,4
47.86673331260681,1788289457.7457108,5.736137667304015,11.639549436795996,-5.9034117694919805,66,388,116,37546.057883619935,33958.347824276105,71504.40570789605,0.0501746713901804,66,388,47.863450050354,71504.40570789605,69.0,115.0,11.639549436795996,55345.90640402955,11.389236545682095,14.595993566504768,-3.206757020822673,4
47.91714119911194,1788289457.7961187,5.736137667304015,11.639549436795996,-5.9034117694919805,69,392,115,37675.71790715068,34102.56841785341,71778.2863250041,0.0497803677440619,69,392,47.91385793685913,71778.2863250041,70.0,115.0,11.639549436795996,55619.7870211376,11.389236545682095,14.603114462549577,-3.2138779168674816,4
47.96713423728943,1788289457.8461118,5.736137667304015,11.639549436795996,-5.9034117694919805,78,392,114,37755.77220455048,34155.84562484813,71911.6178293986,0.0500604309618332,78,392,47.96385097503662,71911.6178293986,72.0,114.0,11.639549436795996,55753.1185255321,11.389236545682095,14.606581081663835,-3.2173445359817396,4
48.01703882217407,1788289457.8960164,5.736137667304015,11.639549436795996,-5.9034117694919805,72,392,114,37835.27995558474,34264.449546430726,72099.72950201546,0.049526266378769,72,392,48.01375555992127,72099.72950201546,74.0,114.0,11.639549436795996,55941.23019814896,11.389236545682095,14.611471985151873,-3.2222354394697774,4
48.06707215309143,1788289457.9460497,5.79987253027406,11.639549436795996,-5.839676906521936,74,392,114,37882.77295976656,34292.49340293858,72175.26636270514,0.0497439044947283,74,392,48.06378889083862,72175.26636270514,74.0,114.0,11.639549436795996,56016.76705883864,11.389236545682095,14.613435943529804,-3.224199397847709,4
48.11751174926758,1788289457.9964893,6.309751434034416,11.639549436795996,-5.32979800276158,76,388,116,37942.81146056452,34352.69368745815,72295.50514802267,0.0496589347533531,76,388,48.11422848701477,72295.50514802267,72.0,115.0,11.639549436795996,56137.00584415617,11.389236545682095,14.61656215194806,-3.227325606265964,4
48.16746544837952,1788289458.046443,6.373486297004462,11.576971214017522,-5.203484917013061,54,332,115,38007.80224720092,34395.57715695394,72403.37940415487,0.0498902830223375,54,332,48.16418218612671,72403.37940415487,60.0,115.0,11.576971214017522,56244.88010028837,11.451814768460569,14.619366882607498,-3.167552114146929,4
48.21740508079529,1788289458.0963826,6.437221159974506,11.576971214017522,-5.1397500540430165,54,348,115,38046.45263799896,34445.66529188908,72492.11792988803,0.0496714325492937,54,348,48.21412181854248,72492.11792988803,54.0,115.0,11.576971214017522,56333.61862602153,11.451814768460569,14.62167408427656,-3.169859315815991,4
48.267409801483154,1788289458.146387,7.074569789674952,11.576971214017522,-4.502401424342571,60,344,115,38073.11548282352,34470.53729824646,72543.65278106998,0.0496608324293967,60,344,48.26412630081177,72543.65278106998,54.0,115.0,11.576971214017522,56385.15347720348,11.451814768460569,14.62301399040729,-3.171199221946722,4
50.57041811943054,1788289460.4493957,19.120458891013385,21.526908635794744,-2.406449744781358,4,144,117,12219.362527008676,9464.382194002024,21683.7447210107,0.1270527931615604,4,144,50.56713485717773,21683.7447210107,4.0,117.0,21.526908635794744,0.0,0.0,0.011,-0.011,5
50.62068247795105,1788289460.49966,19.120458891013385,20.963704630788484,-1.8432457397751,6,124,117,13107.523598332296,10320.269477317932,23427.79307565023,0.1189721162387808,6,124,50.61739921569824,23427.79307565023,6.0,117.0,20.963704630788484,1744.0483546395299,0.5632040050062592,2.14095288115488,-1.577748876148621,5
50.67064666748047,1788289460.5496242,19.120458891013385,20.77596996245307,-1.6555110714396832,6,120,117,13748.489509707117,10939.006632048908,24687.496141756023,0.1138018558676873,6,120,50.66736340522766,24687.496141756023,6.0,117.0,20.77596996245307,3003.751420745324,0.7509386733416754,2.316305494419373,-1.5653668210776974,5
50.72090744972229,1788289460.599885,19.120458891013385,20.713391739674595,-1.59293284866121,6,116,117,13795.473244966794,10994.071997115634,24789.54524208243,0.1130073674403488,6,116,50.71762418746948,24789.54524208243,6.0,117.0,20.713391739674595,3105.800521071731,0.8135168961201487,2.3518185813329624,-1.5383016852128137,5
50.77081990242005,1788289460.6497974,19.120458891013385,20.713391739674595,-1.59293284866121,6,116,117,13870.683212759774,11082.404814918213,24953.088027677983,0.1117408151948488,6,116,50.76753664016724,24953.088027677983,6.0,117.0,20.713391739674595,3269.343306667284,0.8135168961201487,2.4087314707202148,-1.595214574600066,5
50.82097029685974,1788289460.6999478,19.05672402804334,20.52565707133917,-1.4689330432958307,4,100,118,14208.948967082944,11388.157532417425,25597.106499500365,0.1101996209892152,4,100,50.81768703460693,25597.106499500365,5.0,117.0,20.52565707133917,3913.361778489667,1.001251564455572,2.632849898914404,-1.631598334458832,5
50.870766401290894,1788289460.749744,19.05672402804334,20.52565707133917,-1.4689330432958307,5,108,117,14282.583127485994,11450.294988949368,25732.878116435364,0.110064957589321,5,108,50.867483139038086,25732.878116435364,5.0,117.0,20.52565707133917,4049.1333954246657,1.001251564455572,2.663,-1.6617484355444279,5
50.92111110687256,1788289460.8000886,19.05672402804334,20.52565707133917,-1.4689330432958307,5,108,117,14283.96531965298,11476.456547809968,25760.421867462945,0.1089853569280663,5,108,50.91782784461975,25760.421867462945,5.0,117.0,20.52565707133917,4076.6771464522462,1.001251564455572,2.663,-1.6617484355444279,5
50.9711344242096,1788289460.850112,18.992989165073297,20.52565707133917,-1.5326679062658748,6,108,117,14296.796981835048,11504.066299909686,25800.863281744736,0.1082417534416898,6,108,50.96785116195679,25800.863281744736,6.0,117.0,20.52565707133917,4117.118560734038,1.001251564455572,2.663,-1.6617484355444279,5
51.02114248275757,1788289460.90012,18.992989165073297,20.52565707133917,-1.5326679062658748,6,112,117,14307.306872970916,11520.47820552466,25827.785078495577,0.1079004126361029,6,112,51.01785922050476,25827.785078495577,6.0,117.0,20.52565707133917,4144.040357484879,1.001251564455572,2.663,-1.6617484355444279,5
51.071144342422485,1788289460.950122,18.992989165073297,20.52565707133917,-1.5326679062658748,7,112,117,14315.20173323764,11547.586810705005,25862.788543942643,0.107011466216424,7,112,51.06786131858826,25862.788543942643,6.0,117.0,20.52565707133917,4179.043822931944,1.001251564455572,2.663,-1.6617484355444279,5
51.12148642539978,1788289461.000464,18.992989165073297,20.52565707133917,-1.5326679062658748,6,112,118,14303.568347691862,11559.51632167212,25863.084669363983,0.1060991780794886,6,112,51.11820316314697,25863.084669363983,6.0,117.0,20.52565707133917,4179.339948353285,1.001251564455572,2.663,-1.6617484355444279,5
51.17140030860901,1788289461.0503778,18.929254302103253,20.52565707133917,-1.5964027692359188,5,112,117,14320.387497198764,11577.06339924568,25897.450896444443,0.1059302751040152,5,112,51.1681170463562,25897.450896444443,6.0,117.0,20.52565707133917,4213.706175433745,1.001251564455572,2.663,-1.6617484355444279,5
51.22120928764343,1788289461.1001868,18.036966220522626,20.52565707133917,-2.488690850816546,5,120,117,14329.676001518292,11571.649344672096,25901.325346190388,0.1064820668434193,5,120,51.21792602539063,25901.325346190388,6.0,117.0,20.52565707133917,4217.580625179689,1.001251564455572,2.663,-1.6617484355444279,5
51.27186179161072,1788289461.150839,15.61504142766093,20.212765957446805,-4.597724529785875,6,164,117,14946.00205675409,12116.414928101636,27062.41698485573,0.1045578127864893,6,164,51.26857829093933,27062.41698485573,6.0,117.0,20.212765957446805,5378.67226384503,1.3141426783479382,2.666408050374605,-1.3522653720266669,5
51.32158088684082,1788289461.2005584,13.001912045889105,19.524405506883603,-6.5224934609945,23,268,117,15933.082645241397,12998.091610542466,28931.174255783862,0.101447352559918,23,268,51.31829762458801,28931.174255783862,23.0,117.0,19.524405506883603,7247.429534773164,2.0025031289111404,3.879404981813368,-1.8769018529022277,5
51.371697425842285,1788289461.250675,11.536010197578076,17.897371714643302,-6.361361517065227,28,352,116,19970.472774390422,16523.499752726697,36493.97252711712,0.0944532146809292,28,352,51.36841416358948,36493.97252711712,25.0,116.0,17.897371714643302,14810.22780610642,3.629536921151441,8.935,-5.305463078848559,5
51.42157673835754,1788289461.3005545,11.089866156787762,16.270337922403,-5.18047176561524,28,296,116,23734.948459248222,19587.51490189285,43322.46336114107,0.0957340196189189,28,296,51.41829371452332,43322.46336114107,28.0,116.0,16.270337922403,21638.71864013037,5.256570713391742,8.946,-3.6894292866082576,5
51.47191405296326,1788289461.3508916,11.089866156787762,15.331664580725906,-4.241798423938144,25,272,116,27267.267411571505,22947.382639988584,50214.65005156009,0.0860283755268092,25,272,51.46863079071045,50214.65005156009,28.0,116.0,15.331664580725906,28530.905330549394,6.195244055068837,12.111941521113403,-5.916697466044566,5
51.5217969417572,1788289461.4007745,10.962396430847674,15.018773466833544,-4.05637703598587,32,260,117,28172.549999622934,23885.201036742325,52057.751036365255,0.0823575524783169,32,260,51.5185136795044,52057.751036365255,28.0,116.0,15.018773466833544,30374.006315354556,6.5081351689612,12.228,-5.7198648310388,5
51.57188868522644,1788289461.4508662,10.707456978967496,14.768460575719647,-4.061003596752153,28,252,116,29022.776351809,24744.805372370924,53767.58172417992,0.0795641321825381,28,252,51.56860542297363,53767.58172417992,28.0,116.0,14.768460575719647,32083.837003169225,6.7584480600750965,12.228,-5.469551939924903,5
51.622018814086914,1788289461.5009964,10.579987253027406,14.580725907384233,-4.000738654356825,27,260,116,29431.36363997272,25211.43708947417,54642.80072944688,0.0772274937258924,27,260,51.618735551834106,54642.80072944688,32.0,116.0,14.580725907384233,32959.05600843618,6.946182728410511,12.228,-5.281817271589489,5
51.672141790390015,1788289461.551119,10.51625239005736,14.455569461827285,-3.9393170717699215,33,256,116,29998.75153858382,25830.409996359584,55829.1615349434,0.0746624421291958,33,256,51.66885828971863,55829.1615349434,31.0,116.0,14.455569461827285,34145.4168139327,7.071339173967459,12.228,-5.156660826032541,5
51.722283363342285,1788289461.601261,10.452517527087316,14.455569461827285,-4.003051934739967,34,264,116,30093.284822794594,25926.62148805788,56019.90631085247,0.0743782631769508,34,264,51.71900010108948,56019.90631085247,31.0,116.0,14.455569461827285,34336.16158984177,7.071339173967459,12.228,-5.156660826032541,5
51.77221155166626,1788289461.651189,10.452517527087316,14.455569461827285,-4.003051934739967,31,268,116,30186.800948107146,26016.418529474035,56203.21947758118,0.0742018421257277,31,268,51.76892828941345,56203.21947758118,33.0,116.0,14.455569461827285,34519.47475657048,7.071339173967459,12.228,-5.156660826032541,5
51.8221333026886,1788289461.7011108,10.388782664117272,14.455569461827285,-4.0667867977100105,31,268,116,30238.015643007373,26062.40715671137,56300.42279971874,0.0741665564599785,31,268,51.81885004043579,56300.42279971874,34.0,116.0,14.455569461827285,34616.67807870804,7.071339173967459,12.228,-5.156660826032541,5
51.87225341796875,1788289461.751231,9.560229445506693,14.455569461827285,-4.89534001632059,34,272,116,30313.11142679433,26143.427553671387,56456.53898046572,0.07385652660298,34,272,51.86897015571594,56456.53898046572,34.0,116.0,14.455569461827285,34772.79425945502,7.071339173967459,12.228,-5.156660826032541,5
51.92238211631775,1788289461.8013597,6.373486297004462,14.267834793491865,-7.894348496487403,37,320,116,30554.40625089397,26410.677280954493,56965.08353184847,0.0727415587413784,37,320,51.91909885406494,56965.08353184847,37.0,116.0,14.267834793491865,35281.33881083777,7.259073842302879,12.25660277910184,-4.997528936798961,5
51.97238516807556,1788289461.8513627,2.2307202039515617,13.57947434292866,-11.3487541389771,72,440,114,32676.81232222121,28692.48910223128,61369.30142445248,0.0649237180073617,72,440,51.969101905822754,61369.30142445248,72.0,114.0,13.57947434292866,39685.55670344178,7.947434292866083,12.533,-4.585565707133917,5
52.022385358810425,1788289461.901363,1.5933715742511154,12.077596996245306,-10.484225421994193,83,500,114,35795.85703586906,31998.18887850991,67794.04591437898,0.0560177240661436,83,500,52.01910209655762,67794.04591437898,83.0,114.0,12.077596996245306,46110.30119336828,9.449311639549437,14.587,-5.1376883604505625,5
52.07250928878784,1788289461.9514868,2.48565965583174,10.95118898623279,-8.46552933040105,116,500,114,40041.14176457365,36273.239085433845,76314.3808500075,0.049373429190829,116,500,52.06922602653504,76314.3808500075,106.0,114.0,10.95118898623279,54630.6361289968,10.575719649561954,14.587,-4.011280350438046,5
52.12295866012573,1788289462.0019362,2.676864244741874,10.32540675844806,-7.648542513706185,106,480,113,41725.40179497571,37907.68058832998,79633.0823833057,0.0479413968715855,106,480,52.119675397872925,79633.0823833057,115.0,113.0,10.32540675844806,57949.337662294995,11.201501877346683,14.66368277921967,-3.462180901872987,5
52.17275714874268,1788289462.0517347,2.676864244741874,10.262828535669586,-7.585964290927712,117,496,100,42392.01262369068,38601.82606063136,80993.83868432204,0.0467959862704098,117,496,52.16947388648987,80993.83868432204,115.0,113.0,10.262828535669586,59310.09396331134,11.264080100125158,14.699062443046095,-3.4349823429209376,5
52.22285199165344,1788289462.1018295,2.676864244741874,10.262828535669586,-7.585964290927712,115,500,113,42553.6886023838,38793.47387440476,81347.16247678857,0.0462242887580986,115,500,52.21956872940064,81347.16247678857,115.0,113.0,10.262828535669586,59663.41775577787,11.264080100125158,14.708248861650224,-3.4441687615250665,5
52.27277731895447,1788289462.1517549,2.676864244741874,10.262828535669586,-7.585964290927712,115,500,113,42741.38541737112,38939.57700347394,81680.96242084506,0.0465446084524458,115,500,52.26949405670166,81680.96242084506,115.0,113.0,10.262828535669586,59997.21769983436,11.264080100125158,14.716927660195694,-3.452847560070536,5
52.32320785522461,1788289462.2021854,2.676864244741874,10.262828535669586,-7.585964290927712,112,500,113,42837.64530445734,39062.20669267174,81899.85199712908,0.0460982348529512,112,500,52.3199245929718,81899.85199712908,115.0,113.0,10.262828535669586,60216.10727611838,11.264080100125158,14.725212076492499,-3.4611319763673407,5
52.37291741371155,1788289462.251895,2.9318036966220524,10.262828535669586,-7.331024839047533,121,500,113,42927.69709695052,39160.66594931923,82088.36304626975,0.0458899533117498,121,500,52.36963415145874,82088.36304626975,112.0,113.0,10.262828535669586,60404.61832525905,11.264080100125158,14.732375496359845,-3.468295396234687,5
52.42300987243652,1788289462.3019874,2.995538559592097,10.262828535669586,-7.267289976077489,112,484,113,42994.84712476688,39204.30946055704,82199.15658532392,0.0461140700424974,112,484,52.41972661018372,82199.15658532392,112.0,113.0,10.262828535669586,60515.41186431322,11.264080100125158,14.736585650843903,-3.4725055507187452,5
52.47298192977905,1788289462.3519597,3.0592734225621414,10.262828535669586,-7.203555113107445,109,480,113,43067.77441728717,39295.42313699625,82363.19755428343,0.0458014185013234,109,480,52.46969890594482,82363.19755428343,112.0,113.0,10.262828535669586,60679.45283327273,11.264080100125158,14.742819207664363,-3.478739107539205,5
52.524088621139526,1788289462.4030662,2.7405991077119185,10.262828535669586,-7.522229427957667,108,480,113,43095.48427403618,39333.687804406254,82429.17207844244,0.0456367130079878,108,480,52.52080535888672,82429.17207844244,109.0,113.0,10.262828535669586,60745.42735743174,11.264080100125158,14.745326239582406,-3.481246139457248,5
52.57318186759949,1788289462.4521594,2.995538559592097,10.262828535669586,-7.267289976077489,121,496,113,43168.25045932249,39416.97347464471,82585.2239339672,0.0454231012036389,121,496,52.56989860534668,82585.2239339672,108.0,113.0,10.262828535669586,60901.479212956496,11.264080100125158,14.751256210092347,-3.487176109967189,5
52.62322545051575,1788289462.502203,3.250478011472276,10.262828535669586,-7.01235052419731,104,476,113,43203.01255341318,39452.222318183296,82655.23487159648,0.0453787378507444,104,476,52.61994218826294,82655.23487159648,104.0,113.0,10.262828535669586,60971.49015058578,11.264080100125158,14.75391662572226,-3.4898365255971022,5
52.67321300506592,1788289462.5521903,4.270235818992989,10.262828535669586,-5.992592716676596,98,464,114,43242.76864391107,39502.38476522113,82745.15340913221,0.0452036611763309,98,464,52.66992950439453,82745.15340913221,98.0,114.0,10.262828535669586,61061.40868812151,11.264080100125158,14.757333530148617,-3.4932534300234597,5
